-- phpMyAdmin SQL Dump
-- version 4.8.4
-- https://www.phpmyadmin.net/
--
-- Host: bavpajt58wbpxheuorex-mysql.services.clever-cloud.com:3306
-- Generation Time: Mar 18, 2021 at 10:30 AM
-- Server version: 8.0.22-13
-- PHP Version: 7.2.34

SET SQL_MODE = "NO_AUTO_VALUE_ON_ZERO";
SET AUTOCOMMIT = 0;
START TRANSACTION;
SET time_zone = "+00:00";


/*!40101 SET @OLD_CHARACTER_SET_CLIENT=@@CHARACTER_SET_CLIENT */;
/*!40101 SET @OLD_CHARACTER_SET_RESULTS=@@CHARACTER_SET_RESULTS */;
/*!40101 SET @OLD_COLLATION_CONNECTION=@@COLLATION_CONNECTION */;
/*!40101 SET NAMES utf8mb4 */;

--
-- Database: `bavpajt58wbpxheuorex`
--
CREATE DATABASE IF NOT EXISTS `bavpajt58wbpxheuorex` DEFAULT CHARACTER SET utf8 COLLATE utf8_general_ci;
USE `bavpajt58wbpxheuorex`;

-- --------------------------------------------------------

--
-- Table structure for table `booking`
--

CREATE TABLE `booking` (
  `booking_id` int NOT NULL,
  `uuid` text NOT NULL,
  `class` varchar(100) CHARACTER SET utf8 COLLATE utf8_general_ci NOT NULL,
  `departure` varchar(100) CHARACTER SET utf8 COLLATE utf8_general_ci NOT NULL,
  `destination` varchar(100) CHARACTER SET utf8 COLLATE utf8_general_ci NOT NULL,
  `depart_date` date NOT NULL,
  `return_date` text NOT NULL,
  `duration` varchar(50) CHARACTER SET utf8 COLLATE utf8_general_ci DEFAULT '1 hour 30',
  `booking_status` varchar(50) CHARACTER SET utf8 COLLATE utf8_general_ci DEFAULT '0',
  `total_amount` decimal(10,0) NOT NULL,
  `trip_type` varchar(15) CHARACTER SET utf8 COLLATE utf8_general_ci DEFAULT 'domestic'
) ENGINE=InnoDB DEFAULT CHARSET=utf8;

--
-- Dumping data for table `booking`
--

INSERT INTO `booking` (`booking_id`, `uuid`, `class`, `departure`, `destination`, `depart_date`, `return_date`, `duration`, `booking_status`, `total_amount`, `trip_type`) VALUES
(32, '5bb9dad8-f832-4ff7-b3e7-6ae5156faec1', 'Economy', 'Cape Town CPT', 'Windhoek WDH', '2020-11-06', 'One Way', '1 hour 30', '0', '1476', 'domestic'),
(33, '5bb9dad8-f832-4ff7-b3e7-6ae5156faec1', 'Economy', 'Cape Town CPT', 'Windhoek WDH', '2020-11-06', 'One Way', '1 hour 30', '0', '1476', 'domestic'),
(34, '5bb9dad8-f832-4ff7-b3e7-6ae5156faec1', 'Economy', 'Cape Town CPT', 'Windhoek WDH', '2020-11-06', 'One Way', '1 hour 30', '0', '1476', 'domestic'),
(35, '5bb9dad8-f832-4ff7-b3e7-6ae5156faec1', 'Economy', 'Cape Town CPT', 'Windhoek WDH', '2020-11-06', 'One Way', '1 hour 30', '0', '1476', 'domestic'),
(36, '5bb9dad8-f832-4ff7-b3e7-6ae5156faec1', 'Economy', 'Cape Town CPT', 'Windhoek WDH', '2020-11-06', 'One Way', '1 hour 30', '0', '1476', 'domestic'),
(37, '5bb9dad8-f832-4ff7-b3e7-6ae5156faec1', 'Economy', 'Cape Town CPT', 'Windhoek WDH', '2020-11-06', 'One Way', '1 hour 30', '0', '1476', 'domestic'),
(38, '5bb9dad8-f832-4ff7-b3e7-6ae5156faec1', 'Economy', 'Cape Town CPT', 'Windhoek WDH', '2020-11-06', 'One Way', '1 hour 30', '0', '1476', 'domestic'),
(39, '5bb9dad8-f832-4ff7-b3e7-6ae5156faec1', 'Economy', 'Cape Town CPT', 'Windhoek WDH', '2020-11-06', 'One Way', '1 hour 30', '0', '1476', 'domestic'),
(40, '5bb9dad8-f832-4ff7-b3e7-6ae5156faec1', 'Economy', 'Cape Town CPT', 'Windhoek WDH', '2020-11-06', 'One Way', '1 hour 30', '0', '1476', 'domestic'),
(41, '5bb9dad8-f832-4ff7-b3e7-6ae5156faec1', 'Economy', 'Cape Town CPT', 'Windhoek WDH', '2020-11-06', 'One Way', '1 hour 30', '0', '1476', 'domestic'),
(42, '5bb9dad8-f832-4ff7-b3e7-6ae5156faec1', 'Economy', 'Cape Town CPT', 'Windhoek WDH', '2020-11-06', 'One Way', '1 hour 30', '0', '1476', 'domestic'),
(43, '5bb9dad8-f832-4ff7-b3e7-6ae5156faec1', 'Economy', 'Cape Town CPT', 'Windhoek WDH', '2020-11-06', 'One Way', '1 hour 30', '0', '1476', 'domestic'),
(44, '5bb9dad8-f832-4ff7-b3e7-6ae5156faec1', 'Economy', 'Cape Town CPT', 'Windhoek WDH', '2020-11-06', 'One Way', '1 hour 30', '0', '1476', 'domestic'),
(45, '5bb9dad8-f832-4ff7-b3e7-6ae5156faec1', 'Economy', 'Cape Town CPT', 'Windhoek WDH', '2020-11-06', 'One Way', '1 hour 30', '0', '1476', 'domestic'),
(46, '5bb9dad8-f832-4ff7-b3e7-6ae5156faec1', 'Economy', 'Cape Town CPT', 'Windhoek WDH', '2020-11-06', 'One Way', '1 hour 30', '0', '1463', 'domestic'),
(47, '5bb9dad8-f832-4ff7-b3e7-6ae5156faec1', 'Economy', 'Cape Town CPT', 'Bloemfontain BFN', '2020-11-06', 'One Way', '1 hour 30', '0', '1993', 'domestic'),
(48, '5bb9dad8-f832-4ff7-b3e7-6ae5156faec1', 'Economy', 'Johannesburg JNB', 'Cape Town CPT', '2020-11-06', 'One Way', '1 hour 30', '0', '1668', 'domestic'),
(49, 'b2888b92-6049-4fd8-ae23-252376afc222', 'Business', 'Johannesburg JNB', 'Cape Town CPT', '2020-11-06', 'One Way', '1 hour 30', '0', '2010724', 'domestic'),
(50, 'b2888b92-6049-4fd8-ae23-252376afc222', 'Economy', 'Johannesburg JNB', 'Bloemfontain BFN', '2020-11-06', 'One Way', '1 hour 30', '0', '1968', 'domestic'),
(51, 'dc21ba3b-1d62-42e4-991e-c0d8943a47fa', 'Economy', 'Johannesburg JNB', 'Dubai DUB', '2020-11-06', 'One Way', '1 hour 30', '0', '18544', 'domestic'),
(52, 'dc21ba3b-1d62-42e4-991e-c0d8943a47fa', 'Economy Class', 'Johannesburg JNB', 'Windhoek WDH', '2020-11-09', '2020-11-09', '1 hour 30', '0', '1463', 'domestic'),
(53, 'dc21ba3b-1d62-42e4-991e-c0d8943a47fa', 'Economy Class', 'Bloemfontain BFN', 'Windhoek WDH', '2020-11-09', 'One Way Tr', '1 hour 30', '0', '1463', 'domestic'),
(54, 'dc21ba3b-1d62-42e4-991e-c0d8943a47fa', 'Economy Class', 'Johannesburg JNB', 'Cape Town CPT', '2020-11-10', 'One Way Tr', '1 hour 30', '0', '1583', 'domestic'),
(55, 'dc21ba3b-1d62-42e4-991e-c0d8943a47fa', 'Economy Class', 'Johannesburg JNB', 'Cape Town CPT', '2020-11-10', 'One Way Tr', '1 hour 30', '0', '1583', 'domestic'),
(56, 'dc21ba3b-1d62-42e4-991e-c0d8943a47fa', 'Economy Class', 'Johannesburg JNB', 'Cape Town CPT', '2020-11-10', 'One Way Tr', '1 hour 30', '0', '1583', 'domestic'),
(57, 'dc21ba3b-1d62-42e4-991e-c0d8943a47fa', 'Economy Class', 'Johannesburg JNB', 'Cape Town CPT', '2020-11-10', 'One Way Tr', '1 hour 30', '0', '1583', 'domestic'),
(58, 'dc21ba3b-1d62-42e4-991e-c0d8943a47fa', 'Economy Class', 'Johannesburg JNB', 'Cape Town CPT', '2020-11-10', 'One Way Tr', '1 hour 30', '0', '1583', 'domestic'),
(59, 'dc21ba3b-1d62-42e4-991e-c0d8943a47fa', 'Economy Class', 'Johannesburg JNB', 'Cape Town CPT', '2020-11-10', 'One Way Tr', '1 hour 30', '0', '1583', 'domestic'),
(60, 'dc21ba3b-1d62-42e4-991e-c0d8943a47fa', 'Economy Class', 'Johannesburg JNB', 'Cape Town CPT', '2020-11-10', 'One Way Tr', '1 hour 30', '0', '1583', 'domestic'),
(61, 'dc21ba3b-1d62-42e4-991e-c0d8943a47fa', 'Economy Class', 'Johannesburg JNB', 'Cape Town CPT', '2020-11-10', 'One Way Tr', '1 hour 30', '0', '1583', 'domestic'),
(62, 'dc21ba3b-1d62-42e4-991e-c0d8943a47fa', 'Economy Class', 'Johannesburg JNB', 'Cape Town CPT', '2020-11-10', 'One Way Tr', '1 hour 30', '0', '1583', 'domestic'),
(63, 'dc21ba3b-1d62-42e4-991e-c0d8943a47fa', 'Economy Class', 'Johannesburg JNB', 'Cape Town CPT', '2020-11-10', 'One Way Tr', '1 hour 30', '0', '1583', 'domestic'),
(64, 'dc21ba3b-1d62-42e4-991e-c0d8943a47fa', 'Economy Class', 'Johannesburg JNB', 'Cape Town CPT', '2020-11-10', 'One Way Tr', '1 hour 30', '0', '1583', 'domestic'),
(65, 'dc21ba3b-1d62-42e4-991e-c0d8943a47fa', 'Economy Class', 'Johannesburg JNB', 'Windhoek WDH', '2020-11-10', 'One Way Tr', '1 hour 30', '0', '1498', 'domestic'),
(66, 'dc21ba3b-1d62-42e4-991e-c0d8943a47fa', 'Economy Class', 'Cape Town CPT', 'Bloemfontain BFN', '2020-11-10', 'One Way Tr', '1 hour 30', '0', '2015', 'domestic'),
(67, 'dc21ba3b-1d62-42e4-991e-c0d8943a47fa', 'Economy Class', 'Cape Town CPT', 'Bloemfontain BFN', '2020-11-10', 'One Way Tr', '1 hour 30', '0', '2018', 'domestic'),
(68, 'dc21ba3b-1d62-42e4-991e-c0d8943a47fa', 'Economy Class', 'Cape Town CPT', 'Dubai DUB', '2020-11-10', 'One Way Tr', '1 hour 30', '0', '14115', 'domestic'),
(69, 'dc21ba3b-1d62-42e4-991e-c0d8943a47fa', 'Economy Class', 'Johannesburg JNB', 'Cape Town CPT', '2020-11-10', 'One Way', '1 hour 30', '0', '1668', 'domestic'),
(70, '3ad41257-9b3a-4a62-87eb-7c1ddd3efab1', 'Economy Class', 'Johannesburg JNB', 'Cape Town CPT', '2020-11-11', 'One Way Tr', '1 hour 30', '0', '1431', 'domestic'),
(71, '3ad41257-9b3a-4a62-87eb-7c1ddd3efab1', 'Economy Class', 'Johannesburg JNB', 'Cape Town CPT', '2020-11-14', 'One Way Tr', '1 hour 30', '0', '1431', 'domestic'),
(72, 'dc21ba3b-1d62-42e4-991e-c0d8943a47fa', 'Economy Class', 'Bloemfontain BFN', 'Windhoek WDH', '2020-11-11', 'One Way Tr', '1 hour 30', '0', '1518', 'domestic'),
(73, 'e0e81af1-2eee-47b0-b7fc-419113d8943b', 'Economy Class', 'Johannesburg JNB', 'Bloemfontain BFN', '2020-11-11', '2020-11-12', '1 hour 30', '0', '9103', 'domestic'),
(74, 'e0e81af1-2eee-47b0-b7fc-419113d8943b', 'Economy Class', 'Windhoek WDH', 'Durban DUR', '2020-11-11', 'One Way Tr', '1 hour 30', '0', '948', 'domestic'),
(75, 'dc21ba3b-1d62-42e4-991e-c0d8943a47fa', 'Economy Class', 'Johannesburg JNB', 'Cape Town CPT', '2020-11-12', 'One Way', '1 hour 30', '0', '1498', 'domestic'),
(77, '3ad41257-9b3a-4a62-87eb-7c1ddd3efab1', 'Economy Class', 'Johannesburg JNB', 'George GEO', '2020-11-15', 'One Way Tr', '1 hour 30', '0', '3000', 'domestic'),
(98, 'dc21ba3b-1d62-42e4-991e-c0d8943a47fa', 'Economy Class', 'George GEO', 'Port Elizabeth PLZ', '2020-11-22', 'One Way Tr', '1 hour 30', '0', '43890', 'domestic'),
(128, 'dc21ba3b-1d62-42e4-991e-c0d8943a47fa', 'Economy Class', 'Cape Town CPT', 'Johannesburg JNB', '2020-11-22', 'One Way Tr', '1 hour 30', '0', '1428', 'domestic'),
(129, 'dc21ba3b-1d62-42e4-991e-c0d8943a47fa', 'Economy Class', 'Cape Town CPT', 'Johannesburg JNB', '2020-11-22', 'One Way Tr', '1 hour 30', '0', '1428', 'domestic'),
(130, 'dc21ba3b-1d62-42e4-991e-c0d8943a47fa', 'Economy Class', 'Cape Town CPT', 'Johannesburg JNB', '2020-11-22', 'One Way Tr', '1 hour 30', '0', '1428', 'domestic'),
(131, 'dc21ba3b-1d62-42e4-991e-c0d8943a47fa', 'Economy Class', 'Cape Town CPT', 'Johannesburg JNB', '2020-11-22', 'One Way Tr', '1 hour 30', '0', '1428', 'domestic'),
(132, 'dc21ba3b-1d62-42e4-991e-c0d8943a47fa', 'Economy Class', 'Cape Town CPT', 'Johannesburg JNB', '2020-11-22', 'One Way Tr', '1 hour 30', '0', '1428', 'domestic'),
(133, 'dc21ba3b-1d62-42e4-991e-c0d8943a47fa', 'Economy Class', 'Cape Town CPT', 'Johannesburg JNB', '2020-11-22', 'One Way Tr', '1 hour 30', '0', '1428', 'domestic'),
(134, 'dc21ba3b-1d62-42e4-991e-c0d8943a47fa', 'Economy Class', 'Cape Town CPT', 'Johannesburg JNB', '2020-11-22', 'One Way Tr', '1 hour 30', '0', '1428', 'domestic'),
(135, 'dc21ba3b-1d62-42e4-991e-c0d8943a47fa', 'Economy Class', 'Cape Town CPT', 'Johannesburg JNB', '2020-11-22', 'One Way Tr', '1 hour 30', '0', '1428', 'domestic'),
(136, 'dc21ba3b-1d62-42e4-991e-c0d8943a47fa', 'Economy Class', 'Cape Town CPT', 'Johannesburg JNB', '2020-11-22', 'One Way Tr', '1 hour 30', '0', '1428', 'domestic'),
(137, 'dc21ba3b-1d62-42e4-991e-c0d8943a47fa', 'Economy Class', 'Cape Town CPT', 'Johannesburg JNB', '2020-11-22', 'One Way Tr', '1 hour 30', '0', '1428', 'domestic'),
(138, 'dc21ba3b-1d62-42e4-991e-c0d8943a47fa', 'Economy Class', 'Cape Town CPT', 'Johannesburg JNB', '2020-11-22', 'One Way Tr', '1 hour 30', '0', '1428', 'domestic'),
(139, '9b38b268-56a8-40b7-9155-2a9cf8a1ef12', 'First Class', 'Johannesburg JNB', 'Cape Town CPT', '2020-11-19', '2020-12-20', '1 hour 30', '0', '4115', 'domestic'),
(140, '9b38b268-56a8-40b7-9155-2a9cf8a1ef12', 'First Class', 'Johannesburg JNB', 'Cape Town CPT', '2020-11-19', '2020-12-20', '1 hour 30', '0', '4115', 'domestic'),
(141, '9b38b268-56a8-40b7-9155-2a9cf8a1ef12', 'First Class', 'Johannesburg JNB', 'Cape Town CPT', '2020-11-19', '2020-12-20', '1 hour 30', '0', '4115', 'domestic'),
(142, 'dc21ba3b-1d62-42e4-991e-c0d8943a47fa', 'Economy Class', 'George GEO', 'Bloemfontain BFN', '2020-11-25', '2020-11-24', '1 hour 30', '0', '1998', 'domestic'),
(143, 'f4909d73-8697-45e9-a6e2-18a427f34731', 'Economy Class', 'Bloemfontain BFN', 'Durban DUR', '2021-01-14', '2020-11-29', '1 hour 30', '0', '948', 'domestic'),
(144, 'f4909d73-8697-45e9-a6e2-18a427f34731', 'Economy Class', 'Johannesburg JNB', 'Cape Town CPT', '2020-11-25', '2020-12-26', '1 hour 30', '0', '1658', 'domestic'),
(145, 'b2888b92-6049-4fd8-ae23-252376afc222', 'Economy Class', 'Johannesburg JNB', 'Port Elizabeth PLZ', '2020-11-22', '2020-11-23', '1 hour 30', '0', '1849', 'domestic'),
(146, 'b2888b92-6049-4fd8-ae23-252376afc222', 'Business Class', 'Johannesburg JNB', 'Cape Town CPT', '2020-11-26', 'One Way Tr', '1 hour 30', '0', '3767', 'domestic'),
(147, 'b2888b92-6049-4fd8-ae23-252376afc222', 'Business Class', 'Johannesburg JNB', 'Cape Town CPT', '2020-11-26', 'One Way Tr', '1 hour 30', '0', '3767', 'domestic'),
(148, 'b2888b92-6049-4fd8-ae23-252376afc222', 'Business Class', 'Johannesburg JNB', 'Bloemfontain BFN', '2020-11-26', 'One Way Tr', '1 hour 30', '0', '6991', 'domestic'),
(149, 'b2888b92-6049-4fd8-ae23-252376afc222', 'Business Class', 'Johannesburg JNB', 'Bloemfontain BFN', '2020-11-26', 'One Way Tr', '1 hour 30', '0', '6991', 'domestic'),
(150, '9b38b268-56a8-40b7-9155-2a9cf8a1ef12', 'First Class', 'Johannesburg JNB', 'Cape Town CPT', '2020-11-19', '2020-12-20', '1 hour 30', '0', '4115', 'domestic'),
(151, 'dc21ba3b-1d62-42e4-991e-c0d8943a47fa', 'Economy Class', 'Johannesburg JNB', 'Cape Town CPT', '2020-11-28', 'One Way Tr', '1 hour 30', '0', '1468', 'domestic'),
(152, 'dc21ba3b-1d62-42e4-991e-c0d8943a47fa', 'Economy Class', 'Cape Town CPT', 'George GEO', '2020-11-28', '2020-11-28', '1 hour 30', '0', '1579', 'domestic'),
(153, 'dc21ba3b-1d62-42e4-991e-c0d8943a47fa', 'Economy Class', 'Cape Town CPT', 'George GEO', '2020-11-28', 'One Way Tr', '1 hour 30', '0', '1579', 'domestic'),
(154, 'dc21ba3b-1d62-42e4-991e-c0d8943a47fa', 'Economy Class', 'Bloemfontain BFN', 'George GEO', '2020-11-26', 'One Way Tr', '1 hour 30', '0', '4637', 'domestic'),
(155, 'dc21ba3b-1d62-42e4-991e-c0d8943a47fa', 'Economy Class', 'Bloemfontain BFN', 'George GEO', '2020-11-26', 'One Way Tr', '1 hour 30', '0', '4637', 'domestic'),
(156, 'dc21ba3b-1d62-42e4-991e-c0d8943a47fa', 'Economy Class', 'Bloemfontain BFN', 'George GEO', '2020-11-26', 'One Way Tr', '1 hour 30', '0', '4637', 'domestic'),
(157, 'dc21ba3b-1d62-42e4-991e-c0d8943a47fa', 'Economy Class', 'Bloemfontain BFN', 'George GEO', '2020-11-26', 'One Way Tr', '1 hour 30', '0', '4637', 'domestic'),
(158, 'dc21ba3b-1d62-42e4-991e-c0d8943a47fa', 'Economy Class', 'Bloemfontein BFN', 'Port Elizabeth PLZ', '2020-11-28', '2020-11-28', '1 hour 30', '0', '1904', 'domestic'),
(159, 'dc21ba3b-1d62-42e4-991e-c0d8943a47fa', 'Economy Class', 'Bloemfontain BFN', 'George GEO', '2020-11-26', 'One Way Tr', '1 hour 30', '0', '4637', 'domestic'),
(160, 'dc21ba3b-1d62-42e4-991e-c0d8943a47fa', 'Economy Class', 'Bloemfontain BFN', 'George GEO', '2020-11-26', 'One Way Tr', '1 hour 30', '0', '4637', 'domestic'),
(161, 'dc21ba3b-1d62-42e4-991e-c0d8943a47fa', 'Economy Class', 'Bloemfontain BFN', 'George GEO', '2020-11-26', 'One Way Tr', '1 hour 30', '0', '4637', 'domestic'),
(162, 'dc21ba3b-1d62-42e4-991e-c0d8943a47fa', 'Economy Class', 'Bloemfontain BFN', 'George GEO', '2020-11-26', 'One Way Tr', '1 hour 30', '0', '4637', 'domestic'),
(163, 'dc21ba3b-1d62-42e4-991e-c0d8943a47fa', 'Economy Class', 'Bloemfontain BFN', 'George GEO', '2020-11-26', 'One Way Tr', '1 hour 30', '0', '4637', 'domestic'),
(164, 'dc21ba3b-1d62-42e4-991e-c0d8943a47fa', 'Economy Class', 'Durban DUR', 'Bloemfontein BFN', '2020-11-28', 'One Way Tr', '1 hour 30', '0', '2018', 'domestic'),
(165, 'dc21ba3b-1d62-42e4-991e-c0d8943a47fa', 'Economy Class', 'Durban DUR', 'Bloemfontein BFN', '2020-11-28', 'One Way Tr', '1 hour 30', '0', '50', 'domestic'),
(166, 'dc21ba3b-1d62-42e4-991e-c0d8943a47fa', 'Economy Class', 'Johannesburg JNB', 'Bloemfontein BFN', '2020-11-28', 'One Way Tr', '1 hour 30', '0', '4176', 'domestic'),
(167, 'dc21ba3b-1d62-42e4-991e-c0d8943a47fa', 'Economy Class', 'Johannesburg JNB', 'Bloemfontein BFN', '2020-11-28', 'One Way Tr', '1 hour 30', '0', '4176', 'domestic'),
(168, 'dc21ba3b-1d62-42e4-991e-c0d8943a47fa', 'Economy Class', 'Johannesburg JNB', 'Bloemfontein BFN', '2020-11-28', 'One Way Tr', '1 hour 30', '0', '4176', 'domestic'),
(169, 'dc21ba3b-1d62-42e4-991e-c0d8943a47fa', 'Economy Class', 'Johannesburg JNB', 'Bloemfontein BFN', '2020-11-28', 'One Way Tr', '1 hour 30', '0', '4176', 'domestic'),
(170, 'dc21ba3b-1d62-42e4-991e-c0d8943a47fa', 'Economy Class', 'Cape Town CPT', 'Bloemfontein BFN', '2020-11-28', 'One Way Tr', '1 hour 30', '0', '16104', 'domestic'),
(171, 'dc21ba3b-1d62-42e4-991e-c0d8943a47fa', 'Economy Class', 'Cape Town CPT', 'Bloemfontein BFN', '2020-11-28', 'One Way Tr', '1 hour 30', '0', '16104', 'domestic'),
(172, 'dc21ba3b-1d62-42e4-991e-c0d8943a47fa', 'Economy Class', 'Cape Town CPT', 'Bloemfontein BFN', '2020-11-28', 'One Way Tr', '1 hour 30', '0', '16104', 'domestic'),
(173, 'dc21ba3b-1d62-42e4-991e-c0d8943a47fa', 'Economy Class', 'Cape Town CPT', 'Bloemfontein BFN', '2020-11-28', 'One Way Tr', '1 hour 30', '0', '16104', 'domestic'),
(174, 'dc21ba3b-1d62-42e4-991e-c0d8943a47fa', 'Economy Class', 'Cape Town CPT', 'Bloemfontein BFN', '2020-11-28', 'One Way Tr', '1 hour 30', '0', '16104', 'domestic'),
(175, 'dc21ba3b-1d62-42e4-991e-c0d8943a47fa', 'Economy Class', 'Johannesburg JNB', 'Bloemfontein BFN', '2020-11-28', 'One Way Tr', '1 hour 30', '0', '4176', 'domestic'),
(176, 'dc21ba3b-1d62-42e4-991e-c0d8943a47fa', 'Economy Class', 'Johannesburg JNB', 'Cape Town CPT', '2020-11-28', 'One Way Tr', '1 hour 30', '0', '1468', 'domestic'),
(177, 'dc21ba3b-1d62-42e4-991e-c0d8943a47fa', 'Economy Class', 'Johannesburg JNB', 'Bloemfontein BFN', '2020-11-28', 'One Way Tr', '1 hour 30', '0', '4176', 'domestic'),
(178, 'dc21ba3b-1d62-42e4-991e-c0d8943a47fa', 'Economy Class', 'Johannesburg JNB', 'Bloemfontein BFN', '2020-11-28', 'One Way Tr', '1 hour 30', '0', '4176', 'domestic'),
(179, 'dc21ba3b-1d62-42e4-991e-c0d8943a47fa', 'Economy Class', 'Johannesburg JNB', 'Bloemfontein BFN', '2020-11-28', 'One Way Tr', '1 hour 30', '0', '4176', 'domestic'),
(180, 'dc21ba3b-1d62-42e4-991e-c0d8943a47fa', 'Economy Class', 'Johannesburg JNB', 'Bloemfontein BFN', '2020-11-28', 'One Way Tr', '1 hour 30', '0', '4176', 'domestic'),
(181, 'dc21ba3b-1d62-42e4-991e-c0d8943a47fa', 'Economy Class', 'Johannesburg JNB', 'Bloemfontein BFN', '2020-11-28', 'One Way Tr', '1 hour 30', '0', '4176', 'domestic'),
(182, 'dc21ba3b-1d62-42e4-991e-c0d8943a47fa', 'Economy Class', 'Johannesburg JNB', 'Bloemfontein BFN', '2020-11-28', 'One Way Tr', '1 hour 30', '0', '4176', 'domestic'),
(183, 'dc21ba3b-1d62-42e4-991e-c0d8943a47fa', 'Economy Class', 'Johannesburg JNB', 'Bloemfontein BFN', '2020-11-28', 'One Way Tr', '1 hour 30', '0', '4176', 'domestic'),
(184, 'dc21ba3b-1d62-42e4-991e-c0d8943a47fa', 'Economy Class', 'Johannesburg JNB', 'Bloemfontein BFN', '2020-11-28', 'One Way Tr', '1 hour 30', '0', '4176', 'domestic'),
(185, 'dc21ba3b-1d62-42e4-991e-c0d8943a47fa', 'Economy Class', 'Cape Town CPT', 'George GEO', '2020-11-28', 'One Way Tr', '1 hour 30', '0', '1579', 'domestic'),
(186, 'dc21ba3b-1d62-42e4-991e-c0d8943a47fa', 'Economy Class', 'Johannesburg JNB', 'Bloemfontein BFN', '2020-11-28', 'One Way Tr', '1 hour 30', '0', '1968', 'domestic'),
(187, 'dc21ba3b-1d62-42e4-991e-c0d8943a47fa', 'First Class', 'Cape Town CPT', 'George GEO', '2020-11-28', 'One Way Tr', '1 hour 30', '0', '1579', 'domestic'),
(188, 'dc21ba3b-1d62-42e4-991e-c0d8943a47fa', 'Economy Class', 'Cape Town CPT', 'George GEO', '2020-11-28', 'One Way Tr', '1 hour 30', '0', '1529', 'domestic'),
(189, 'dc21ba3b-1d62-42e4-991e-c0d8943a47fa', 'Economy Class', 'Johannesburg JNB', 'George GEO', '2020-11-28', 'One Way Tr', '1 hour 30', '0', '1579', 'domestic'),
(190, 'dc21ba3b-1d62-42e4-991e-c0d8943a47fa', 'Economy Class', 'Johannesburg JNB', 'George GEO', '2020-11-28', 'One Way Tr', '1 hour 30', '0', '1529', 'domestic'),
(191, 'dc21ba3b-1d62-42e4-991e-c0d8943a47fa', 'Economy Class', 'Cape Town CPT', 'Bloemfontein BFN', '2020-11-28', 'One Way Tr', '1 hour 30', '0', '16104', 'domestic'),
(192, 'dc21ba3b-1d62-42e4-991e-c0d8943a47fa', 'Economy Class', 'Cape Town CPT', 'George GEO', '2020-11-28', 'One Way Tr', '1 hour 30', '0', '1579', 'domestic'),
(193, 'dc21ba3b-1d62-42e4-991e-c0d8943a47fa', 'Economy Class', 'Bloemfontein BFN', 'Port Elizabeth PLZ', '2020-11-28', 'One Way Tr', '1 hour 30', '0', '1879', 'domestic'),
(194, '6095d312-c322-43db-869f-ef1d0deef96b', 'Economy Class', 'Bloemfontein BFN', 'George GEO', '2020-11-28', 'One Way Tr', '1 hour 30', '0', '4707', 'domestic'),
(195, '6095d312-c322-43db-869f-ef1d0deef96b', 'Economy Class', 'Bloemfontein BFN', 'George GEO', '2020-11-28', 'One Way Tr', '1 hour 30', '0', '4707', 'domestic'),
(196, '6095d312-c322-43db-869f-ef1d0deef96b', 'Economy Class', 'Bloemfontein BFN', 'George GEO', '2020-11-28', 'One Way Tr', '1 hour 30', '0', '4707', 'domestic'),
(197, '6095d312-c322-43db-869f-ef1d0deef96b', 'Economy Class', 'Cape Town CPT', 'George GEO', '2020-11-28', '2020-11-29', '1 hour 30', '0', '4667', 'domestic'),
(198, '6095d312-c322-43db-869f-ef1d0deef96b', 'Economy Class', 'Cape Town CPT', 'George GEO', '2020-11-28', '2020-11-29', '1 hour 30', '0', '4667', 'domestic'),
(199, '6095d312-c322-43db-869f-ef1d0deef96b', 'Economy Class', 'Cape Town CPT', 'Bloemfontein BFN', '2020-11-28', 'One Way Tr', '1 hour 30', '0', '7932', 'domestic'),
(200, '6095d312-c322-43db-869f-ef1d0deef96b', 'Economy Class', 'Cape Town CPT', 'George GEO', '2020-11-28', '2020-11-29', '1 hour 30', '0', '4667', 'domestic'),
(201, '588cbc12-8c6e-4553-902d-fafb5b89e041', 'Economy Class', 'Johannesburg JNB', 'Cape Town CPT', '2020-11-28', '2020-11-29', '1 hour 30', '0', '1473', 'domestic'),
(202, '6095d312-c322-43db-869f-ef1d0deef96b', 'Economy Class', 'Cape Town CPT', 'Bloemfontein BFN', '2020-11-28', 'One Way Tr', '1 hour 30', '0', '7932', 'domestic'),
(203, '6095d312-c322-43db-869f-ef1d0deef96b', 'Economy Class', 'Cape Town CPT', 'George GEO', '2020-11-28', '2020-11-29', '1 hour 30', '0', '4667', 'domestic'),
(204, '6095d312-c322-43db-869f-ef1d0deef96b', 'Economy Class', 'Cape Town CPT', 'Bloemfontein BFN', '2020-11-28', 'One Way Tr', '1 hour 30', '0', '7932', 'domestic'),
(205, '6095d312-c322-43db-869f-ef1d0deef96b', 'Economy Class', 'Cape Town CPT', 'George GEO', '2020-11-28', '2020-11-29', '1 hour 30', '0', '4667', 'domestic'),
(206, 'dc21ba3b-1d62-42e4-991e-c0d8943a47fa', 'Economy Class', 'Johannesburg JNB', 'George GEO', '2020-11-28', 'One Way Tr', '1 hour 30', '0', '1589', 'domestic'),
(207, 'dc21ba3b-1d62-42e4-991e-c0d8943a47fa', 'Economy Class', 'Cape Town CPT', 'George GEO', '2020-11-28', 'One Way Tr', '1 hour 30', '0', '1579', 'domestic'),
(208, 'dc21ba3b-1d62-42e4-991e-c0d8943a47fa', 'Economy Class', 'Cape Town CPT', 'Durban DUR', '2020-11-28', 'One Way Tr', '1 hour 30', '0', '3842', 'domestic'),
(209, 'dc21ba3b-1d62-42e4-991e-c0d8943a47fa', 'Economy Class', 'Cape Town CPT', 'Durban DUR', '2020-11-28', 'One Way Tr', '1 hour 30', '0', '3842', 'domestic'),
(210, 'dc21ba3b-1d62-42e4-991e-c0d8943a47fa', 'Economy Class', 'Cape Town CPT', 'Durban DUR', '2020-11-28', 'One Way Tr', '1 hour 30', '0', '3842', 'domestic'),
(211, 'dc21ba3b-1d62-42e4-991e-c0d8943a47fa', 'Economy Class', 'Johannesburg JNB', 'Cape Town CPT', '2020-11-28', 'One Way Tr', '1 hour 30', '0', '1468', 'domestic'),
(212, 'dc21ba3b-1d62-42e4-991e-c0d8943a47fa', 'Economy Class', 'Johannesburg JNB', 'George GEO', '2020-11-28', 'One Way Tr', '1 hour 30', '0', '1579', 'domestic'),
(213, 'dc21ba3b-1d62-42e4-991e-c0d8943a47fa', 'Economy Class', 'Johannesburg JNB', 'George GEO', '2020-11-28', 'One Way Tr', '1 hour 30', '0', '1579', 'domestic'),
(214, 'dc21ba3b-1d62-42e4-991e-c0d8943a47fa', 'Economy Class', 'Johannesburg JNB', 'George GEO', '2020-11-28', 'One Way Tr', '1 hour 30', '0', '1579', 'domestic'),
(215, 'dc21ba3b-1d62-42e4-991e-c0d8943a47fa', 'Economy Class', 'Johannesburg JNB', 'George GEO', '2020-11-28', 'One Way Tr', '1 hour 30', '0', '1579', 'domestic'),
(216, 'dc21ba3b-1d62-42e4-991e-c0d8943a47fa', 'Economy Class', 'Johannesburg JNB', 'George GEO', '2020-11-28', 'One Way Tr', '1 hour 30', '0', '1579', 'domestic'),
(217, 'dc21ba3b-1d62-42e4-991e-c0d8943a47fa', 'Economy Class', 'Johannesburg JNB', 'George GEO', '2020-11-28', 'One Way Tr', '1 hour 30', '0', '1579', 'domestic'),
(218, 'dc21ba3b-1d62-42e4-991e-c0d8943a47fa', 'Economy Class', 'Johannesburg JNB', 'George GEO', '2020-11-28', 'One Way Tr', '1 hour 30', '0', '1579', 'domestic'),
(219, 'dc21ba3b-1d62-42e4-991e-c0d8943a47fa', 'Economy Class', 'Cape Town CPT', 'George GEO', '2020-11-28', 'One Way Tr', '1 hour 30', '0', '1629', 'domestic'),
(220, 'dc21ba3b-1d62-42e4-991e-c0d8943a47fa', 'Economy Class', 'Johannesburg JNB', 'Bloemfontein BFN', '2020-11-28', 'One Way Tr', '1 hour 30', '0', '2018', 'domestic'),
(221, 'dc21ba3b-1d62-42e4-991e-c0d8943a47fa', 'Economy Class', 'Cape Town CPT', 'Bloemfontein BFN', '2020-11-28', 'One Way Tr', '1 hour 30', '0', '1968', 'domestic'),
(222, 'dc21ba3b-1d62-42e4-991e-c0d8943a47fa', 'Economy Class', 'Cape Town CPT', 'Bloemfontein BFN', '2020-11-28', 'One Way Tr', '1 hour 30', '0', '2018', 'domestic'),
(223, 'dc21ba3b-1d62-42e4-991e-c0d8943a47fa', 'Economy Class', 'Cape Town CPT', 'George GEO', '2020-11-29', 'One Way Tr', '1 hour 30', '0', '1579', 'domestic'),
(224, 'dc21ba3b-1d62-42e4-991e-c0d8943a47fa', 'Economy Class', 'George GEO', 'Bloemfontein BFN', '2020-11-29', 'One Way Tr', '1 hour 30', '0', '1968', 'domestic'),
(225, 'dc21ba3b-1d62-42e4-991e-c0d8943a47fa', 'Economy Class', 'Bloemfontein BFN', 'Port Elizabeth PLZ', '2020-11-29', 'One Way Tr', '1 hour 30', '0', '7596', 'domestic'),
(226, 'dc21ba3b-1d62-42e4-991e-c0d8943a47fa', 'Economy Class', 'Bloemfontein BFN', 'Port Elizabeth PLZ', '2020-11-29', 'One Way Tr', '1 hour 30', '0', '7596', 'domestic'),
(227, 'dc21ba3b-1d62-42e4-991e-c0d8943a47fa', 'Economy Class', 'Johannesburg JNB', 'George GEO', '2020-11-29', 'One Way Tr', '1 hour 30', '0', '6166', 'domestic'),
(228, 'dc21ba3b-1d62-42e4-991e-c0d8943a47fa', 'Economy Class', 'Bloemfontein BFN', 'Port Elizabeth PLZ', '2020-11-29', 'One Way Tr', '1 hour 30', '0', '7596', 'domestic'),
(229, 'dc21ba3b-1d62-42e4-991e-c0d8943a47fa', 'Economy Class', 'Johannesburg JNB', 'George GEO', '2020-11-29', 'One Way Tr', '1 hour 30', '0', '6166', 'domestic'),
(230, 'dc21ba3b-1d62-42e4-991e-c0d8943a47fa', 'Economy Class', 'Johannesburg JNB', 'George GEO', '2020-11-29', 'One Way Tr', '1 hour 30', '0', '7203', 'domestic'),
(231, 'dc21ba3b-1d62-42e4-991e-c0d8943a47fa', 'Economy Class', 'Bloemfontein BFN', 'Durban DUR', '2020-11-29', 'One Way Tr', '1 hour 30', '0', '4681', 'domestic'),
(232, 'dc21ba3b-1d62-42e4-991e-c0d8943a47fa', 'Economy Class', 'Johannesburg JNB', 'George GEO', '2020-11-29', 'One Way Tr', '1 hour 30', '0', '8205', 'domestic'),
(233, 'dc21ba3b-1d62-42e4-991e-c0d8943a47fa', 'Economy Class', 'Johannesburg JNB', 'George GEO', '2020-11-29', 'One Way Tr', '1 hour 30', '0', '1979', 'domestic'),
(234, 'dc21ba3b-1d62-42e4-991e-c0d8943a47fa', 'Economy Class', 'Cape Town CPT', 'George GEO', '2020-11-29', 'One Way Tr', '1 hour 30', '0', '9232', 'domestic'),
(235, 'dc21ba3b-1d62-42e4-991e-c0d8943a47fa', 'Economy Class', 'Bloemfontein BFN', 'Durban DUR', '2020-11-29', 'One Way Tr', '1 hour 30', '0', '6747', 'domestic'),
(236, 'dc21ba3b-1d62-42e4-991e-c0d8943a47fa', 'Economy Class', 'Cape Town CPT', 'East London EAS', '2020-11-29', 'One Way Tr', '1 hour 30', '0', '13007', 'domestic'),
(237, 'dc21ba3b-1d62-42e4-991e-c0d8943a47fa', 'Economy Class', 'Cape Town CPT', 'George GEO', '2020-11-29', 'One Way Tr', '1 hour 30', '0', '11965', 'domestic'),
(238, 'dc21ba3b-1d62-42e4-991e-c0d8943a47fa', 'Economy Class', 'Cape Town CPT', 'George GEO', '2020-11-29', 'One Way Tr', '1 hour 30', '0', '10641', 'domestic'),
(239, 'dc21ba3b-1d62-42e4-991e-c0d8943a47fa', 'Economy Class', 'Bloemfontein BFN', 'Port Elizabeth PLZ', '2020-11-29', 'One Way Tr', '1 hour 30', '0', '10854', 'domestic'),
(240, 'dc21ba3b-1d62-42e4-991e-c0d8943a47fa', 'Economy Class', 'Cape Town CPT', 'George GEO', '2020-11-29', 'One Way Tr', '1 hour 30', '0', '8722', 'domestic'),
(241, 'dc21ba3b-1d62-42e4-991e-c0d8943a47fa', 'Economy Class', 'Cape Town CPT', 'George GEO', '2020-11-29', 'One Way Tr', '1 hour 30', '0', '8942', 'domestic'),
(242, 'dc21ba3b-1d62-42e4-991e-c0d8943a47fa', 'Economy Class', 'Bloemfontein BFN', 'Durban DUR', '2020-11-29', 'One Way Tr', '1 hour 30', '0', '6215', 'domestic'),
(243, 'dc21ba3b-1d62-42e4-991e-c0d8943a47fa', 'Economy Class', 'Cape Town CPT', 'Port Elizabeth PLZ', '2020-11-29', 'One Way Tr', '1 hour 30', '0', '13713', 'domestic'),
(244, 'dc21ba3b-1d62-42e4-991e-c0d8943a47fa', 'Economy Class', 'Durban DUR', 'George GEO', '2020-11-29', 'One Way Tr', '1 hour 30', '0', '5890', 'domestic'),
(245, 'dc21ba3b-1d62-42e4-991e-c0d8943a47fa', 'Economy Class', 'Bloemfontein BFN', 'George GEO', '2020-11-29', 'One Way Tr', '1 hour 30', '0', '7489', 'domestic'),
(246, 'dc21ba3b-1d62-42e4-991e-c0d8943a47fa', 'Economy Class', 'Cape Town CPT', 'George GEO', '2020-11-29', 'One Way Tr', '1 hour 30', '0', '13319', 'domestic'),
(247, '270993a2-2308-48b4-a4b9-90ccd87530fc', 'Economy Class', 'Johannesburg JNB', 'Cape Town CPT', '2020-11-29', 'One Way Tr', '1 hour 30', '0', '1468', 'domestic'),
(248, 'dc21ba3b-1d62-42e4-991e-c0d8943a47fa', 'Economy Class', 'Johannesburg JNB', 'George GEO', '2020-11-30', 'One Way Tr', '1 hour 30', '0', '7695', 'domestic'),
(249, 'b2888b92-6049-4fd8-ae23-252376afc222', 'Economy Class', 'Johannesburg JNB', 'Bloemfontein BFN', '2020-11-30', 'One Way Tr', '1 hour 30', '0', '15794', 'domestic'),
(250, '84b45329-1d37-4ff5-b140-44812f29659c', 'Economy Class', 'Johannesburg JNB', 'Bloemfontain BFN', '2020-11-27', 'One Way Tr', '1 hour 30', '0', '3542', 'domestic'),
(251, 'b2888b92-6049-4fd8-ae23-252376afc222', 'Economy Class', 'Johannesburg JNB', 'Bloemfontein BFN', '2020-11-30', 'One Way Tr', '1 hour 30', '0', '15794', 'domestic'),
(252, 'dc21ba3b-1d62-42e4-991e-c0d8943a47fa', 'Economy Class', 'Johannesburg JNB', 'George GEO', '2020-11-30', 'One Way Tr', '1 hour 30', '0', '7695', 'domestic'),
(253, 'dc21ba3b-1d62-42e4-991e-c0d8943a47fa', 'Economy Class', 'Johannesburg JNB', 'George GEO', '2020-11-30', 'One Way Tr', '1 hour 30', '0', '7695', 'domestic'),
(254, 'dc21ba3b-1d62-42e4-991e-c0d8943a47fa', 'Economy Class', 'Johannesburg JNB', 'George GEO', '2020-11-30', 'One Way Tr', '1 hour 30', '0', '7695', 'domestic'),
(255, 'dc21ba3b-1d62-42e4-991e-c0d8943a47fa', 'Economy Class', 'Johannesburg JNB', 'George GEO', '2020-11-30', 'One Way Tr', '1 hour 30', '0', '7695', 'domestic'),
(256, '3ad41257-9b3a-4a62-87eb-7c1ddd3efab1', 'Economy Class', 'Johannesburg JNB', 'George GEO', '2020-11-30', '2020-12-29', '1 hour 30', '0', '1529', 'domestic'),
(257, 'b2888b92-6049-4fd8-ae23-252376afc222', 'Economy Class', 'Johannesburg JNB', 'Bloemfontein BFN', '2020-11-30', 'One Way Tr', '1 hour 30', '0', '15794', 'domestic'),
(258, '270993a2-2308-48b4-a4b9-90ccd87530fc', 'Economy Class', 'Johannesburg JNB', 'Bloemfontain BFN', '2020-11-27', 'One Way Tr', '1 hour 30', '0', '3542', 'domestic'),
(259, '3ad41257-9b3a-4a62-87eb-7c1ddd3efab1', 'Economy Class', 'Cape Town CPT', 'Bloemfontein BFN', '2020-11-30', 'One Way Tr', '1 hour 30', '0', '1968', 'domestic'),
(260, 'dc21ba3b-1d62-42e4-991e-c0d8943a47fa', 'Economy Class', 'Johannesburg JNB', 'George GEO', '2020-11-30', 'One Way Tr', '1 hour 30', '0', '7695', 'domestic'),
(261, 'b2888b92-6049-4fd8-ae23-252376afc222', 'Economy Class', 'Johannesburg JNB', 'Cape Town CPT', '2020-11-30', 'One Way Tr', '1 hour 30', '0', '14260', 'domestic'),
(262, 'dc21ba3b-1d62-42e4-991e-c0d8943a47fa', 'Economy Class', 'Johannesburg JNB', 'George GEO', '2020-11-30', 'One Way Tr', '1 hour 30', '0', '7695', 'domestic'),
(263, 'dc21ba3b-1d62-42e4-991e-c0d8943a47fa', 'Economy Class', 'Johannesburg JNB', 'George GEO', '2020-11-30', 'One Way Tr', '1 hour 30', '0', '7695', 'domestic'),
(264, 'dc21ba3b-1d62-42e4-991e-c0d8943a47fa', 'Economy Class', 'Johannesburg JNB', 'Cape Town CPT', '2020-11-30', 'One Way Tr', '1 hour 30', '0', '5722', 'domestic'),
(265, 'b2888b92-6049-4fd8-ae23-252376afc222', 'Economy Class', 'Cape Town CPT', 'Bloemfontein BFN', '2020-12-29', 'One Way Tr', '1 hour 30', '0', '1968', 'domestic'),
(266, 'b2888b92-6049-4fd8-ae23-252376afc222', 'Economy Class', 'Port Elizabeth PLZ', 'George GEO', '2020-11-30', 'One Way Tr', '1 hour 30', '0', '1529', 'domestic'),
(267, 'b2888b92-6049-4fd8-ae23-252376afc222', 'Economy Class', 'East London EAS', 'Johannesburg JNB', '2020-12-30', 'One Way Tr', '1 hour 30', '0', '1398', 'domestic'),
(268, '3ad41257-9b3a-4a62-87eb-7c1ddd3efab1', 'Economy Class', 'Johannesburg JNB', 'Port Elizabeth PLZ', '2020-11-30', 'One Way Tr', '1 hour 30', '0', '1849', 'domestic'),
(269, 'b2888b92-6049-4fd8-ae23-252376afc222', 'Economy Class', 'Johannesburg JNB', 'Bloemfontein BFN', '2020-12-30', 'One Way Tr', '1 hour 30', '0', '1968', 'domestic'),
(270, 'b2888b92-6049-4fd8-ae23-252376afc222', 'Economy Class', 'George GEO', 'Johannesburg JNB', '2020-11-30', 'One Way Tr', '1 hour 30', '0', '1348', 'domestic'),
(271, 'b2888b92-6049-4fd8-ae23-252376afc222', 'Economy Class', 'East London EAS', 'Johannesburg JNB', '2020-11-30', 'One Way Tr', '1 hour 30', '0', '2776', 'domestic'),
(272, 'b2888b92-6049-4fd8-ae23-252376afc222', 'Economy Class', 'East London EAS', 'Johannesburg JNB', '2020-11-30', 'One Way Tr', '1 hour 30', '0', '1348', 'domestic'),
(273, 'b2888b92-6049-4fd8-ae23-252376afc222', 'Economy Class', 'East London EAS', 'Johannesburg JNB', '2020-11-30', 'One Way Tr', '1 hour 30', '0', '1348', 'domestic'),
(274, 'b2888b92-6049-4fd8-ae23-252376afc222', 'Economy Class', 'Johannesburg JNB', 'Cape Town CPT', '2020-12-30', 'One Way Tr', '1 hour 30', '0', '14230', 'domestic'),
(275, 'b2888b92-6049-4fd8-ae23-252376afc222', 'Economy Class', 'Johannesburg JNB', 'Bloemfontein BFN', '2020-11-30', 'One Way Tr', '1 hour 30', '0', '2018', 'domestic'),
(276, '3ad41257-9b3a-4a62-87eb-7c1ddd3efab1', 'Economy Class', 'Cape Town CPT', 'East London EAS', '2020-11-30', 'One Way Tr', '1 hour 30', '0', '1948', 'domestic'),
(277, '270993a2-2308-48b4-a4b9-90ccd87530fc', 'Economy Class', 'Johannesburg JNB', 'Cape Town CPT', '2020-11-30', 'One Way Tr', '1 hour 30', '0', '2836', 'domestic'),
(278, '40610cc8-6e99-4a7d-8a31-a9931dfb56d5', 'Economy Class', 'Johannesburg JNB', 'Cape Town CPT', '2020-11-30', 'One Way Tr', '1 hour 30', '0', '2886', 'domestic'),
(279, 'b2888b92-6049-4fd8-ae23-252376afc222', 'Economy Class', 'Johannesburg JNB', 'Durban DUR', '2020-11-30', '2021-01-29', '1 hour 30', '0', '5320', 'domestic'),
(280, 'dc21ba3b-1d62-42e4-991e-c0d8943a47fa', 'Economy Class', 'Johannesburg JNB', 'George GEO', '2020-12-02', 'One Way Tr', '1 hour 30', '0', '7469', 'domestic'),
(281, 'dc21ba3b-1d62-42e4-991e-c0d8943a47fa', 'Economy Class', 'Cape Town CPT', 'Durban DUR', '2020-12-02', 'One Way Tr', '1 hour 30', '0', '3772', 'domestic'),
(282, 'c4fd28aa-81c7-4894-966a-1e1f90f04974', 'Business Class', 'OR Tambo', 'PE International', '2021-02-14', '2021-03-15', '1 hour 30', '0', '8136', 'domestic'),
(283, 'c4fd28aa-81c7-4894-966a-1e1f90f04974', 'Business Class', 'OR Tambo', 'PE International', '2021-02-14', '2021-02-15', '1 hour 30', '0', '9775', 'domestic'),
(284, 'd107f53b-d208-4ff9-aa97-a10a5436fd6d', 'Business Class', 'OR Tambo', 'PE International', '2021-02-17', '2021-02-18', '1 hour 30', '0', '7186', 'domestic'),
(285, 'd107f53b-d208-4ff9-aa97-a10a5436fd6d', 'Economy Class', 'OR Tambo', 'Cape Town International', '2021-02-17', '2021-04-18', '1 hour 30', '0', '3236', 'domestic'),
(286, 'c4fd28aa-81c7-4894-966a-1e1f90f04974', 'Economy Class', 'OR Tambo', 'King Shaka', '2021-02-16', 'undefined', '1 hour 30', '0', '11186', 'domestic'),
(287, 'aab315c4-24b2-4ddd-8beb-8a79f15b0410', 'Economy Class', 'PE International', 'King Shaka', '2021-02-18', '2021-02-18', '1 hour 30', '0', '2071', 'domestic'),
(288, 'aab315c4-24b2-4ddd-8beb-8a79f15b0410', 'Economy Class', 'PE International', 'King Shaka', '2021-02-18', '2021-02-18', '1 hour 30', '0', '2071', 'domestic'),
(289, 'aab315c4-24b2-4ddd-8beb-8a79f15b0410', 'Economy Class', 'PE International', 'Cape Town International', '2021-02-19', 'One Way', '1 hour 30', '0', '1598', 'domestic'),
(290, 'aab315c4-24b2-4ddd-8beb-8a79f15b0410', 'Economy Class', 'OR Tambo', 'Cape Town International', '2021-02-18', '2021-02-18', '1 hour 30', '0', '4464', 'domestic'),
(291, 'aab315c4-24b2-4ddd-8beb-8a79f15b0410', 'Economy Class', 'PE International', 'King Shaka', '2021-02-18', '2021-02-18', '1 hour 30', '0', '1053', 'domestic'),
(292, 'aab315c4-24b2-4ddd-8beb-8a79f15b0410', 'Economy Class', 'Cape Town International', 'King Shaka', '2021-02-19', '2021-02-20', '1 hour 30', '0', '1078', 'domestic'),
(293, 'aab315c4-24b2-4ddd-8beb-8a79f15b0410', 'Economy Class', 'Cape Town International', 'King Shaka', '2021-02-19', '2021-02-20', '1 hour 30', '0', '1078', 'domestic'),
(294, 'aab315c4-24b2-4ddd-8beb-8a79f15b0410', 'Economy Class', 'PE International', 'King Shaka', '2021-02-18', '2021-02-18', '1 hour 30', '0', '1098', 'domestic'),
(295, 'aab315c4-24b2-4ddd-8beb-8a79f15b0410', 'Economy Class', 'PE International', 'King Shaka', '2021-02-18', '2021-02-18', '1 hour 30', '0', '1218', 'domestic'),
(296, 'aab315c4-24b2-4ddd-8beb-8a79f15b0410', 'Economy Class', 'PE International', 'King Shaka', '2021-02-18', '2021-02-18', '1 hour 30', '0', '1198', 'domestic'),
(297, 'aab315c4-24b2-4ddd-8beb-8a79f15b0410', 'Economy Class', 'PE International', 'Cape Town International', '2021-02-18', '2021-02-18', '1 hour 30', '0', '1898', 'domestic'),
(298, 'aab315c4-24b2-4ddd-8beb-8a79f15b0410', 'Economy Class', 'PE International', 'Cape Town International', '2021-02-18', '2021-02-18', '1 hour 30', '0', '1608', 'domestic'),
(299, 'aab315c4-24b2-4ddd-8beb-8a79f15b0410', 'Economy Class', 'PE International', 'King Shaka', '2021-02-18', '2021-02-18', '1 hour 30', '0', '1118', 'domestic'),
(300, 'aab315c4-24b2-4ddd-8beb-8a79f15b0410', 'Economy Class', 'PE International', 'Cape Town International', '2021-02-18', '2021-02-18', '1 hour 30', '0', '1628', 'domestic'),
(301, 'aab315c4-24b2-4ddd-8beb-8a79f15b0410', 'Economy Class', 'PE International', 'King Shaka', '2021-02-18', '2021-02-18', '1 hour 30', '0', '1078', 'domestic'),
(302, 'aab315c4-24b2-4ddd-8beb-8a79f15b0410', 'Economy Class', 'PE International', 'King Shaka', '2021-02-19', '2021-02-19', '1 hour 30', '0', '1078', 'domestic'),
(303, 'd107f53b-d208-4ff9-aa97-a10a5436fd6d', 'Economy Class', 'OR Tambo', 'PE International', '2021-02-20', '2021-02-22', '1 hour 30', '0', '20469', 'domestic'),
(304, 'ce6b0ef4-6d25-44eb-814d-fb834f585a89', 'Economy Class', 'Cape Town International', 'OR Tambo', '2021-02-19', '2021-03-20', '1 hour 30', '0', '1378', 'domestic'),
(305, 'ce6b0ef4-6d25-44eb-814d-fb834f585a89', 'Business Class', 'OR Tambo', 'PE International', '2021-02-19', 'One Way', '1 hour 30', '0', '13393', 'domestic'),
(306, '4256f221-4246-47da-bd12-f8bbcc057ce0', 'Economy Class', 'PE International', 'King Shaka', '2021-02-20', '2021-03-19', '1 hour 30', '0', '1133', 'domestic'),
(307, 'b2888b92-6049-4fd8-ae23-252376afc222', 'Economy Class', 'OR Tambo', 'PE International', '2021-03-18', '2021-04-19', '1 hour 30', '0', '1929', 'domestic'),
(308, 'b2888b92-6049-4fd8-ae23-252376afc222', 'Business Class', 'King Shaka', 'Cape Town International', '2021-02-19', '2021-02-19', '1 hour 30', '0', '1418', 'domestic'),
(309, 'aab315c4-24b2-4ddd-8beb-8a79f15b0410', 'Economy Class', 'PE International', 'King Shaka', '2021-02-20', '2021-02-20', '1 hour 30', '0', '2206', 'domestic'),
(310, 'aab315c4-24b2-4ddd-8beb-8a79f15b0410', 'Economy Class', 'Cape Town International', 'King Shaka', '2021-02-20', '2021-02-21', '1 hour 30', '0', '4840', 'domestic'),
(311, 'aab315c4-24b2-4ddd-8beb-8a79f15b0410', 'Economy Class', 'Cape Town International', 'King Shaka', '2021-02-20', '2021-02-21', '1 hour 30', '0', '1048', 'domestic'),
(312, 'aab315c4-24b2-4ddd-8beb-8a79f15b0410', 'Economy Class', 'Cape Town International', 'King Shaka', '2021-02-20', '2021-02-20', '1 hour 30', '0', '1168', 'domestic'),
(313, 'aab315c4-24b2-4ddd-8beb-8a79f15b0410', 'Economy Class', 'OR Tambo', 'King Shaka', '2021-02-20', '2021-02-20', '1 hour 30', '0', '1338', 'domestic'),
(314, 'aab315c4-24b2-4ddd-8beb-8a79f15b0410', 'Economy Class', 'Cape Town International', 'OR Tambo', '2021-02-20', '2021-02-22', '1 hour 30', '0', '1598', 'domestic'),
(315, '4256f221-4246-47da-bd12-f8bbcc057ce0', 'Economy Class', 'OR Tambo', 'Cape Town International', '2021-03-20', '2021-03-20', '1 hour 30', '0', '4080', 'domestic'),
(316, 'aab315c4-24b2-4ddd-8beb-8a79f15b0410', 'Economy Class', 'Cape Town International', 'King Shaka', '2021-02-20', 'One Way', '1 hour 30', '0', '1028', 'domestic'),
(317, 'aab315c4-24b2-4ddd-8beb-8a79f15b0410', 'Economy Class', 'OR Tambo', 'King Shaka', '2021-02-19', '2021-02-19', '1 hour 30', '0', '998', 'domestic'),
(318, 'aab315c4-24b2-4ddd-8beb-8a79f15b0410', 'Economy Class', 'PE International', 'King Shaka', '2021-02-20', '2021-02-21', '1 hour 30', '0', '1088', 'domestic'),
(319, 'aab315c4-24b2-4ddd-8beb-8a79f15b0410', 'Economy Class', 'Cape Town International', 'King Shaka', '2021-02-20', '2021-02-21', '1 hour 30', '0', '1038', 'domestic'),
(320, 'aab315c4-24b2-4ddd-8beb-8a79f15b0410', 'Economy Class', 'PE International', 'King Shaka', '2021-02-20', '2021-02-21', '1 hour 30', '0', '2984', 'domestic'),
(321, 'aab315c4-24b2-4ddd-8beb-8a79f15b0410', 'Economy Class', 'PE International', 'King Shaka', '2021-02-20', '2021-02-21', '1 hour 30', '0', '2984', 'domestic'),
(322, 'aab315c4-24b2-4ddd-8beb-8a79f15b0410', 'Economy Class', 'PE International', 'King Shaka', '2021-02-20', '2021-02-21', '1 hour 30', '0', '1088', 'domestic'),
(323, 'aab315c4-24b2-4ddd-8beb-8a79f15b0410', 'Economy Class', 'Cape Town International', 'King Shaka', '2021-02-20', '2021-02-21', '1 hour 30', '0', '1088', 'domestic'),
(324, 'aab315c4-24b2-4ddd-8beb-8a79f15b0410', 'Economy Class', 'PE International', 'King Shaka', '2021-02-20', '2021-02-21', '1 hour 30', '0', '1253', 'domestic'),
(325, 'aab315c4-24b2-4ddd-8beb-8a79f15b0410', 'Economy Class', 'PE International', 'Cape Town International', '2021-02-20', 'One Way', '1 hour 30', '0', '2946', 'domestic'),
(326, 'aab315c4-24b2-4ddd-8beb-8a79f15b0410', 'Economy Class', 'Cape Town International', 'King Shaka', '2021-02-20', 'One Way', '1 hour 30', '0', '998', 'domestic'),
(327, 'aab315c4-24b2-4ddd-8beb-8a79f15b0410', 'Economy Class', 'PE International', 'King Shaka', '2021-02-20', '2021-02-21', '1 hour 30', '0', '3952', 'domestic'),
(328, 'aab315c4-24b2-4ddd-8beb-8a79f15b0410', 'Economy Class', 'PE International', 'King Shaka', '2021-02-20', 'One Way', '1 hour 30', '0', '1028', 'domestic'),
(329, 'aab315c4-24b2-4ddd-8beb-8a79f15b0410', 'Economy Class', 'PE International', 'King Shaka', '2021-02-20', 'One Way', '1 hour 30', '0', '2031', 'domestic'),
(330, 'aab315c4-24b2-4ddd-8beb-8a79f15b0410', 'Economy Class', 'Cape Town International', 'King Shaka', '2021-02-20', '2021-02-21', '1 hour 30', '0', '1058', 'domestic'),
(331, 'aab315c4-24b2-4ddd-8beb-8a79f15b0410', 'Economy Class', 'PE International', 'King Shaka', '2021-02-20', 'One Way', '1 hour 30', '0', '1028', 'domestic'),
(332, 'aab315c4-24b2-4ddd-8beb-8a79f15b0410', 'Economy Class', 'Cape Town International', 'King Shaka', '2021-02-20', 'One Way', '1 hour 30', '0', '4900', 'domestic'),
(333, 'aab315c4-24b2-4ddd-8beb-8a79f15b0410', 'Economy Class', 'Cape Town International', 'King Shaka', '2021-02-20', 'ddddd', '1 hour 30', '0', '4900', 'domestic'),
(334, 'aab315c4-24b2-4ddd-8beb-8a79f15b0410', 'Economy Class', 'Cape Town International', 'King Shaka', '2021-02-20', 'ddddd', '1 hour 30', '0', '4900', 'domestic'),
(335, 'aab315c4-24b2-4ddd-8beb-8a79f15b0410', 'Economy Class', 'Cape Town International', 'King Shaka', '2021-02-20', 'One Way', '1 hour 30', '0', '4900', 'domestic'),
(336, 'aab315c4-24b2-4ddd-8beb-8a79f15b0410', 'Economy Class', 'King Shaka', 'Cape Town International', '2021-02-20', 'One Way', '1 hour 30', '0', '1548', 'domestic'),
(337, 'aab315c4-24b2-4ddd-8beb-8a79f15b0410', 'Economy Class', 'Cape Town International', 'King Shaka', '2021-02-20', 'One Way', '1 hour 30', '0', '1028', 'domestic'),
(338, 'aab315c4-24b2-4ddd-8beb-8a79f15b0410', 'Economy Class', 'PE International', 'King Shaka', '2021-02-20', '2021-02-21', '1 hour 30', '0', '1108', 'domestic'),
(339, 'aab315c4-24b2-4ddd-8beb-8a79f15b0410', 'Economy Class', 'PE International', 'King Shaka', '2021-02-20', 'One Way', '1 hour 30', '0', '1028', 'domestic'),
(340, 'aab315c4-24b2-4ddd-8beb-8a79f15b0410', 'Economy Class', 'PE International', 'King Shaka', '2021-02-20', 'One Way', '1 hour 30', '0', '3952', 'domestic'),
(341, 'aab315c4-24b2-4ddd-8beb-8a79f15b0410', 'Economy Class', 'PE International', 'King Shaka', '2021-02-20', '2021-02-21', '1 hour 30', '0', '948', 'domestic'),
(342, 'aab315c4-24b2-4ddd-8beb-8a79f15b0410', 'Economy Class', 'Cape Town International', 'King Shaka', '2021-02-20', '2021-02-21', '1 hour 30', '0', '948', 'domestic'),
(343, 'aab315c4-24b2-4ddd-8beb-8a79f15b0410', 'Economy Class', 'Cape Town International', 'King Shaka', '2021-02-19', '2021-02-19', '1 hour 30', '0', '0', 'domestic'),
(344, 'aab315c4-24b2-4ddd-8beb-8a79f15b0410', 'Economy Class', 'PE International', 'King Shaka', '2021-02-20', '2021-02-21', '1 hour 30', '0', '948', 'domestic'),
(345, 'aab315c4-24b2-4ddd-8beb-8a79f15b0410', 'Economy Class', 'PE International', 'King Shaka', '2021-02-20', 'One Way', '1 hour 30', '0', '948', 'domestic'),
(346, 'aab315c4-24b2-4ddd-8beb-8a79f15b0410', 'Economy Class', 'Cape Town International', 'King Shaka', '2021-02-20', '2021-02-21', '1 hour 30', '0', '948', 'domestic'),
(347, 'aab315c4-24b2-4ddd-8beb-8a79f15b0410', 'Economy Class', 'PE International', 'King Shaka', '2021-02-20', '2021-02-21', '1 hour 30', '0', '1088', 'domestic'),
(348, 'aab315c4-24b2-4ddd-8beb-8a79f15b0410', 'Economy Class', 'PE International', 'King Shaka', '2021-02-20', '2021-02-21', '1 hour 30', '0', '1048', 'domestic'),
(349, 'aab315c4-24b2-4ddd-8beb-8a79f15b0410', 'Economy Class', 'PE International', 'King Shaka', '2021-02-20', '2021-02-21', '1 hour 30', '0', '948', 'domestic'),
(350, 'aab315c4-24b2-4ddd-8beb-8a79f15b0410', 'Economy Class', 'PE International', 'King Shaka', '2021-02-20', '2021-02-21', '1 hour 30', '0', '948', 'domestic'),
(351, 'aab315c4-24b2-4ddd-8beb-8a79f15b0410', 'Economy Class', 'PE International', 'King Shaka', '2021-02-20', 'One Way', '1 hour 30', '0', '1028', 'domestic'),
(352, 'aab315c4-24b2-4ddd-8beb-8a79f15b0410', 'Economy Class', 'Cape Town International', 'King Shaka', '2021-02-20', '2021-02-21', '1 hour 30', '0', '1108', 'domestic'),
(353, 'aab315c4-24b2-4ddd-8beb-8a79f15b0410', 'Economy Class', 'PE International', 'King Shaka', '2021-02-20', 'One Way', '1 hour 30', '0', '948', 'domestic'),
(354, 'aab315c4-24b2-4ddd-8beb-8a79f15b0410', 'Economy Class', 'Cape Town International', 'King Shaka', '2021-02-20', '2021-02-21', '1 hour 30', '0', '1008', 'domestic'),
(355, 'aab315c4-24b2-4ddd-8beb-8a79f15b0410', 'Economy Class', 'PE International', 'King Shaka', '2021-02-20', '2021-02-21', '1 hour 30', '0', '2844', 'domestic'),
(356, 'aab315c4-24b2-4ddd-8beb-8a79f15b0410', 'Economy Class', 'PE International', 'King Shaka', '2021-02-20', '2021-02-21', '1 hour 30', '0', '1028', 'domestic'),
(357, 'aab315c4-24b2-4ddd-8beb-8a79f15b0410', 'Economy Class', 'PE International', 'Cape Town International', '2021-02-21', '2021-02-22', '1 hour 30', '0', '4334', 'domestic'),
(358, 'aab315c4-24b2-4ddd-8beb-8a79f15b0410', 'Economy Class', 'PE International', 'King Shaka', '2021-02-21', 'One Way', '1 hour 30', '0', '2924', 'domestic'),
(359, 'aab315c4-24b2-4ddd-8beb-8a79f15b0410', 'Economy Class', 'PE International', 'King Shaka', '2021-02-21', 'One Way', '1 hour 30', '0', '2924', 'domestic'),
(360, 'aab315c4-24b2-4ddd-8beb-8a79f15b0410', 'Economy Class', 'Cape Town International', 'King Shaka', '2021-02-21', '2021-02-22', '1 hour 30', '0', '4052', 'domestic'),
(361, 'd107f53b-d208-4ff9-aa97-a10a5436fd6d', 'Economy Class', 'OR Tambo', 'PE International', '2021-02-21', 'One Way', '1 hour 30', '0', '4887', 'domestic'),
(362, 'd107f53b-d208-4ff9-aa97-a10a5436fd6d', 'Economy Class', 'OR Tambo', 'Cape Town International', '2021-02-21', '2021-03-22', '1 hour 30', '0', '4360', 'domestic'),
(363, 'd107f53b-d208-4ff9-aa97-a10a5436fd6d', 'Economy Class', 'OR Tambo', 'PE International', '2021-02-23', '2021-02-24', '1 hour 30', '0', '5657', 'domestic'),
(364, 'd107f53b-d208-4ff9-aa97-a10a5436fd6d', 'Economy Class', 'OR Tambo', 'PE International', '2021-02-23', '2021-02-24', '1 hour 30', '0', '4048', 'domestic'),
(365, 'a5151334-968b-45d7-9396-08f905c58ace', 'First Class', 'OR Tambo', 'Cape Town International', '2021-02-23', '2021-02-24', '1 hour 30', '0', '3116', 'domestic'),
(366, 'a5151334-968b-45d7-9396-08f905c58ace', 'First Class', 'OR Tambo', 'King Shaka', '2021-02-23', 'One Way', '1 hour 30', '0', '1048', 'domestic'),
(367, '64a5bdc9-e915-4fda-8b51-23b30fcea8fe', 'First Class', 'OR Tambo', 'Cape Town International', '2021-02-24', '2021-02-24', '1 hour 30', '0', '1518', 'domestic'),
(368, '64a5bdc9-e915-4fda-8b51-23b30fcea8fe', 'First Class', 'OR Tambo', 'Cape Town International', '2021-02-24', '2021-02-25', '1 hour 30', '0', '1568', 'domestic'),
(369, '64a5bdc9-e915-4fda-8b51-23b30fcea8fe', 'Economy Class', 'Cape Town International', 'OR Tambo', '2021-02-24', '2021-03-01', '1 hour 30', '0', '1428', 'domestic'),
(370, 'aab315c4-24b2-4ddd-8beb-8a79f15b0410', 'Economy Class', 'PE International', 'King Shaka', '2021-02-24', 'One Way', '1 hour 30', '0', '5768', 'domestic'),
(371, 'aab315c4-24b2-4ddd-8beb-8a79f15b0410', 'Economy Class', 'OR Tambo', 'Cape Town International', '2021-02-26', 'One Way', '1 hour 30', '0', '1498', 'domestic'),
(372, 'aab315c4-24b2-4ddd-8beb-8a79f15b0410', 'Economy Class', 'OR Tambo', 'Cape Town International', '2021-02-26', 'One Way', '1 hour 30', '0', '1418', 'domestic'),
(373, 'aab315c4-24b2-4ddd-8beb-8a79f15b0410', 'Economy Class', 'OR Tambo', 'Cape Town International', '2021-02-26', 'One Way', '1 hour 30', '0', '1608', 'domestic'),
(374, 'aab315c4-24b2-4ddd-8beb-8a79f15b0410', 'Economy Class', 'OR Tambo', 'Cape Town International', '2021-02-26', 'One Way', '1 hour 30', '0', '1498', 'domestic'),
(375, 'aab315c4-24b2-4ddd-8beb-8a79f15b0410', 'Economy Class', 'OR Tambo', 'Cape Town International', '2021-02-26', 'One Way', '1 hour 30', '0', '1498', 'domestic'),
(376, 'aab315c4-24b2-4ddd-8beb-8a79f15b0410', 'Economy Class', 'OR Tambo', 'Cape Town International', '2021-02-26', 'One Way', '1 hour 30', '0', '1558', 'domestic'),
(377, 'aab315c4-24b2-4ddd-8beb-8a79f15b0410', 'Economy Class', 'OR Tambo', 'PE International', '2021-02-27', 'One Way', '1 hour 30', '0', '1989', 'domestic'),
(378, 'd107f53b-d208-4ff9-aa97-a10a5436fd6d', 'Economy Class', 'OR Tambo', 'PE International', '2021-02-27', 'One Way', '1 hour 30', '0', '1979', 'domestic'),
(379, 'd107f53b-d208-4ff9-aa97-a10a5436fd6d', 'Economy Class', 'OR Tambo', 'Cape Town International', '2021-02-27', 'One Way', '1 hour 30', '0', '1418', 'domestic'),
(380, 'aab315c4-24b2-4ddd-8beb-8a79f15b0410', 'Economy Class', 'OR Tambo', 'PE International', '2021-02-27', '2021-02-27', '1 hour 30', '0', '2009', 'domestic'),
(381, 'fe02d666-df8d-4682-b8ab-d85a394f5bdc', 'Economy Class', 'OR Tambo', 'PE International', '2021-02-28', '2021-03-01', '1 hour 30', '0', '1989', 'domestic'),
(382, '64a5bdc9-e915-4fda-8b51-23b30fcea8fe', 'First Class', 'OR Tambo', 'Cape Town International', '2021-02-28', '2021-03-01', '1 hour 30', '0', '1668', 'domestic'),
(383, 'a5151334-968b-45d7-9396-08f905c58ace', 'Economy Class', 'OR Tambo', 'Cape Town International', '2021-02-28', 'One Way', '1 hour 30', '0', '1528', 'domestic'),
(384, 'aab315c4-24b2-4ddd-8beb-8a79f15b0410', 'Economy Class', 'PE International', 'OR Tambo', '2021-02-28', '2021-02-28', '1 hour 30', '0', '1428', 'domestic'),
(385, 'aab315c4-24b2-4ddd-8beb-8a79f15b0410', 'Economy Class', 'PE International', 'OR Tambo', '2021-02-28', '2021-02-28', '1 hour 30', '0', '1488', 'domestic'),
(386, 'aab315c4-24b2-4ddd-8beb-8a79f15b0410', 'Economy Class', 'PE International', 'OR Tambo', '2021-02-28', '2021-02-28', '1 hour 30', '0', '1348', 'domestic');
INSERT INTO `booking` (`booking_id`, `uuid`, `class`, `departure`, `destination`, `depart_date`, `return_date`, `duration`, `booking_status`, `total_amount`, `trip_type`) VALUES
(387, 'aab315c4-24b2-4ddd-8beb-8a79f15b0410', 'Economy Class', 'PE International', 'OR Tambo', '2021-02-28', '2021-02-28', '1 hour 30', '0', '1348', 'domestic'),
(388, 'aab315c4-24b2-4ddd-8beb-8a79f15b0410', 'Economy Class', 'King Shaka', 'Cape Town International', '2021-02-28', 'One Way', '1 hour 30', '0', '1418', 'domestic'),
(389, 'aab315c4-24b2-4ddd-8beb-8a79f15b0410', 'Economy Class', 'King Shaka', 'Cape Town International', '2021-02-28', 'One Way', '1 hour 30', '0', '1498', 'domestic'),
(390, 'aab315c4-24b2-4ddd-8beb-8a79f15b0410', 'Economy Class', 'PE International', 'OR Tambo', '2021-02-28', '2021-02-28', '1 hour 30', '0', '1478', 'domestic'),
(391, 'd107f53b-d208-4ff9-aa97-a10a5436fd6d', 'Economy Class', 'OR Tambo', 'PE International', '2021-03-27', 'One Way', '1 hour 30', '0', '1849', 'domestic'),
(392, 'aab315c4-24b2-4ddd-8beb-8a79f15b0410', 'Economy Class', 'PE International', 'OR Tambo', '2021-02-28', '2021-02-28', '1 hour 30', '0', '1498', 'domestic'),
(393, 'aab315c4-24b2-4ddd-8beb-8a79f15b0410', 'Economy Class', 'PE International', 'OR Tambo', '2021-02-28', '2021-02-28', '1 hour 30', '0', '1498', 'domestic'),
(394, 'aab315c4-24b2-4ddd-8beb-8a79f15b0410', 'Economy Class', 'PE International', 'OR Tambo', '2021-02-28', '2021-02-28', '1 hour 30', '0', '1498', 'domestic'),
(395, 'aab315c4-24b2-4ddd-8beb-8a79f15b0410', 'Economy Class', 'PE International', 'OR Tambo', '2021-02-28', '2021-02-28', '1 hour 30', '0', '1498', 'domestic'),
(396, 'aab315c4-24b2-4ddd-8beb-8a79f15b0410', 'Economy Class', 'PE International', 'OR Tambo', '2021-02-28', '2021-02-28', '1 hour 30', '0', '1498', 'domestic'),
(397, 'aab315c4-24b2-4ddd-8beb-8a79f15b0410', 'Economy Class', 'PE International', 'OR Tambo', '2021-02-28', '2021-02-28', '1 hour 30', '0', '1498', 'domestic'),
(398, 'aab315c4-24b2-4ddd-8beb-8a79f15b0410', 'Economy Class', 'PE International', 'OR Tambo', '2021-02-28', '2021-02-28', '1 hour 30', '0', '1498', 'domestic'),
(399, 'aab315c4-24b2-4ddd-8beb-8a79f15b0410', 'Economy Class', 'PE International', 'OR Tambo', '2021-02-28', '2021-02-28', '1 hour 30', '0', '1498', 'domestic'),
(400, 'aab315c4-24b2-4ddd-8beb-8a79f15b0410', 'Economy Class', 'PE International', 'OR Tambo', '2021-02-28', '2021-02-28', '1 hour 30', '0', '1498', 'domestic'),
(401, 'aab315c4-24b2-4ddd-8beb-8a79f15b0410', 'Economy Class', 'PE International', 'OR Tambo', '2021-02-28', '2021-02-28', '1 hour 30', '0', '1498', 'domestic'),
(402, 'aab315c4-24b2-4ddd-8beb-8a79f15b0410', 'Economy Class', 'PE International', 'OR Tambo', '2021-02-28', '2021-02-28', '1 hour 30', '0', '1498', 'domestic'),
(403, 'aab315c4-24b2-4ddd-8beb-8a79f15b0410', 'Economy Class', 'PE International', 'OR Tambo', '2021-03-01', '2021-03-01', '1 hour 30', '0', '1508', 'domestic'),
(404, 'aab315c4-24b2-4ddd-8beb-8a79f15b0410', 'Economy Class', 'PE International', 'OR Tambo', '2021-03-01', '2021-03-01', '1 hour 30', '0', '1428', 'domestic'),
(405, 'aab315c4-24b2-4ddd-8beb-8a79f15b0410', 'Economy Class', 'King Shaka', 'Cape Town International', '2021-02-28', 'One Way', '1 hour 30', '0', '1498', 'domestic'),
(406, 'd107f53b-d208-4ff9-aa97-a10a5436fd6d', 'Economy Class', 'OR Tambo', 'PE International', '2021-02-28', '2021-03-01', '1 hour 30', '0', '1849', 'domestic'),
(407, 'd107f53b-d208-4ff9-aa97-a10a5436fd6d', 'Economy Class', 'OR Tambo', 'PE International', '2021-03-01', '2021-03-01', '1 hour 30', '0', '1849', 'domestic'),
(408, 'd107f53b-d208-4ff9-aa97-a10a5436fd6d', 'Economy Class', 'PE International', 'Cape Town International', '2021-03-01', 'One Way', '1 hour 30', '0', '1418', 'domestic'),
(409, 'ce6b0ef4-6d25-44eb-814d-fb834f585a89', 'Economy Class', 'OR Tambo', 'PE International', '2021-03-03', '2021-03-03', '1 hour 30', '0', '1899', 'domestic'),
(410, 'ce6b0ef4-6d25-44eb-814d-fb834f585a89', 'Economy Class', 'OR Tambo', 'PE International', '2021-03-03', '2021-03-03', '1 hour 30', '0', '1899', 'domestic'),
(411, 'ce6b0ef4-6d25-44eb-814d-fb834f585a89', 'Economy Class', 'OR Tambo', 'Cape Town International', '2021-03-17', 'One Way', '1 hour 30', '0', '14180', 'domestic'),
(412, '4256f221-4246-47da-bd12-f8bbcc057ce0', 'Economy Class', 'OR Tambo', 'Cape Town International', '2021-03-16', 'One Way', '1 hour 30', '0', '1588', 'domestic'),
(413, 'dc21ba3b-1d62-42e4-991e-c0d8943a47fa', 'Economy Class', 'OR Tambo', 'PE International', '2021-03-17', 'One Way', '1 hour 30', '0', '1929', 'domestic'),
(414, 'b8a0331e-8f74-434c-8c19-cb77c98f607d', 'Economy Class', 'OR Tambo', 'Cape Town International', '2021-03-18', 'One Way', '1 hour 30', '0', '1498', 'domestic'),
(415, 'b514da36-fd67-4813-825f-4158cd512dea', 'Economy Class', 'OR Tambo', 'PE International', '2021-03-31', 'One Way', '1 hour 30', '0', '9845', 'domestic'),
(416, 'b514da36-fd67-4813-825f-4158cd512dea', 'Economy Class', 'King Shaka', 'OR Tambo', '2021-03-18', 'One Way', '1 hour 30', '0', '1348', 'domestic'),
(417, '4256f221-4246-47da-bd12-f8bbcc057ce0', 'Economy Class', 'OR Tambo', 'PE International', '2021-03-18', 'One Way', '1 hour 30', '0', '1929', 'domestic'),
(418, '6cbc6937-82f0-4118-a3ce-2608145743e5', 'Business Class', 'PE International', 'Cape Town International', '2021-03-18', 'One Way', '1 hour 30', '0', '1538', 'domestic'),
(419, '39dc6b46-2aab-4c83-9d37-abc608158173', 'Economy Class', 'OR Tambo', 'PE International', '2021-03-18', '2021-03-19', '1 hour 30', '0', '1989', 'domestic');

-- --------------------------------------------------------

--
-- Table structure for table `meal`
--

CREATE TABLE `meal` (
  `meal_id` int NOT NULL,
  `t_id` int NOT NULL,
  `meal_type` text CHARACTER SET utf8 COLLATE utf8_general_ci NOT NULL,
  `qty` text NOT NULL,
  `meal_price` decimal(10,0) NOT NULL,
  `bev_type` varchar(20) NOT NULL,
  `bev_price` decimal(10,0) NOT NULL
) ENGINE=InnoDB DEFAULT CHARSET=utf8;

--
-- Dumping data for table `meal`
--

INSERT INTO `meal` (`meal_id`, `t_id`, `meal_type`, `qty`, `meal_price`, `bev_type`, `bev_price`) VALUES
(1, 28, 'fish and chips', '1', '25', '', '0'),
(2, 29, 'fish and chips', '1', '25', '', '0'),
(3, 29, 'cola', '1', '13', '', '0'),
(4, 30, 'fish and chips', '1', '25', '', '0'),
(5, 30, 'cola', '1', '13', '', '0'),
(6, 31, 'fish and chips', '1', '25', '', '0'),
(7, 31, 'cola', '1', '13', '', '0'),
(8, 32, 'fish and chips', '1', '25', '', '0'),
(9, 32, 'cola', '1', '13', '', '0'),
(10, 33, 'fish and chips', '1', '25', '', '0'),
(11, 33, 'cola', '1', '13', '', '0'),
(12, 36, 'fish and chips', '1', '25', '', '0'),
(13, 36, 'cola', '1', '13', '', '0'),
(14, 38, 'fish and chips', '1', '25', '', '0'),
(15, 38, 'cola', '1', '13', '', '0'),
(16, 39, 'cola', '1', '13', '', '0'),
(17, 39, 'fish and chips', '1', '25', '', '0'),
(18, 40, 'fish and chips', '1', '25', '', '0'),
(19, 40, 'cola', '1', '13', '', '0'),
(20, 41, 'fish and chips', '1', '25', '', '0'),
(21, 41, 'cola', '1', '13', '', '0'),
(22, 42, 'fish and chips', '1', '25', '', '0'),
(23, 42, 'cola', '1', '13', '', '0'),
(24, 43, 'fish and chips', '1', '25', '', '0'),
(25, 43, 'cola', '1', '13', '', '0'),
(26, 44, 'fish and chips', '1', '25', '', '0'),
(27, 44, 'cola', '1', '13', '', '0'),
(28, 46, 'fish and chips', '1', '25', '', '0'),
(29, 47, 'fish and chips', '1', '25', '', '0'),
(30, 48, 'halal', '1', '250', '', '0'),
(31, 51, 'halal', '1', '250', '', '0'),
(32, 51, 'cola', '1', '13', '', '0'),
(33, 52, 'fish and chips', '1', '25', '', '0'),
(34, 53, 'fish and chips', '1', '25', '', '0'),
(35, 54, 'beef', '1', '165', '', '0'),
(36, 55, 'beef', '1', '165', '', '0'),
(37, 56, 'beef', '1', '165', '', '0'),
(38, 57, 'beef', '1', '165', '', '0'),
(39, 58, 'beef', '1', '165', '', '0'),
(40, 59, 'beef', '1', '165', '', '0'),
(41, 60, 'beef', '1', '165', '', '0'),
(42, 61, 'beef', '1', '165', '', '0'),
(43, 62, 'beef', '1', '165', '', '0'),
(44, 63, 'beef', '1', '165', '', '0'),
(45, 64, 'beef', '1', '165', '', '0'),
(46, 66, 'cocktail', '1', '47', '', '0'),
(47, 67, 'fish and chips', '2', '25', '', '0'),
(48, 68, 'chicken ala king', '7', '89', '', '0'),
(49, 68, 'beef risotto', '2', '165', '', '0'),
(50, 69, 'halal', '1', '250', '', '0'),
(51, 70, 'cola', '1', '13', '', '0'),
(52, 71, 'cola', '1', '13', '', '0'),
(53, 72, 'wine by the glass', '1', '20', '', '0'),
(54, 72, 'nuggets', '1', '60', '', '0'),
(55, 73, 'Fruit Platter', '1', '50', '', '0'),
(56, 75, 'Tofu and salad', '1', '80', '', '0'),
(57, 77, 'water', '1', '30', '', '0'),
(58, 82, 'water', '1', '30', '', '0'),
(59, 89, 'Fruit Platter', '1', '50', '', '0'),
(60, 90, 'Fruit Platter', '1', '50', '', '0'),
(61, 91, 'Fruit Platter', '1', '50', '', '0'),
(62, 98, 'Fruit Platter', '3', '50', '', '0'),
(63, 99, 'Fruit Platter', '3', '50', '', '0'),
(64, 100, 'Fruit Platter', '3', '50', '', '0'),
(65, 101, 'Fruit Platter', '3', '50', '', '0'),
(66, 102, 'Fruit Platter', '3', '50', '', '0'),
(67, 103, 'Fruit Platter', '3', '50', '', '0'),
(68, 104, 'Fruit Platter', '3', '50', '', '0'),
(69, 0, 'Fruit Platter', '3', '50', '', '0'),
(70, 0, 'Fruit Platter', '3', '50', '', '0'),
(71, 0, 'Fruit Platter', '3', '50', '', '0'),
(72, 0, 'Fruit Platter', '3', '50', '', '0'),
(73, 0, 'Fruit Platter', '3', '50', '', '0'),
(74, 0, 'Fruit Platter', '3', '50', '', '0'),
(75, 0, 'Fruit Platter', '3', '50', '', '0'),
(76, 0, 'Fruit Platter', '3', '50', '', '0'),
(77, 0, 'Fruit Platter', '3', '50', '', '0'),
(78, 0, 'Fruit Platter', '3', '50', '', '0'),
(79, 0, 'Fruit Platter', '3', '50', '', '0'),
(80, 0, 'Fruit Platter', '3', '50', '', '0'),
(81, 0, 'Fruit Platter', '3', '50', '', '0'),
(82, 126, 'Fruit Platter', '3', '50', '', '0'),
(83, 127, 'Tofu and salad', '1', '80', '', '0'),
(84, 128, 'Tofu and salad', '1', '80', '', '0'),
(85, 129, 'Tofu and salad', '1', '80', '', '0'),
(86, 130, 'Tofu and salad', '1', '80', '', '0'),
(87, 131, 'Tofu and salad', '1', '80', '', '0'),
(88, 132, 'Tofu and salad', '1', '80', '', '0'),
(89, 133, 'Tofu and salad', '1', '80', '', '0'),
(90, 134, 'Tofu and salad', '1', '80', '', '0'),
(91, 135, 'Tofu and salad', '1', '80', '', '0'),
(92, 136, 'Tofu and salad', '1', '80', '', '0'),
(93, 137, 'Tofu and salad', '1', '80', '', '0'),
(94, 138, 'Tofu and salad', '1', '80', '', '0'),
(95, 142, 'water', '1', '30', '', '0'),
(96, 144, 'bacon and egg toast', '4', '60', '', '0'),
(97, 151, 'Fruit Platter', '1', '50', '', '0'),
(98, 152, 'Fruit Platter', '1', '50', '', '0'),
(99, 153, 'Fruit Platter', '1', '50', '', '0'),
(100, 158, 'Bacon and egg toast', '1', '55', '', '0'),
(101, 164, 'Fruit Platter', '1', '50', '', '0'),
(102, 165, 'Fruit Platter', '1', '50', '', '0'),
(103, 176, 'Fruit Platter', '1', '50', '', '0'),
(104, 185, 'Fruit Platter', '1', '50', '', '0'),
(105, 187, 'Fruit Platter', '1', '50', '', '0'),
(106, 189, 'Fruit Platter', '1', '50', '', '0'),
(107, 192, 'Fruit Platter', '1', '50', '', '0'),
(108, 193, 'Chicken mayo sarmie', '1', '30', '', '0'),
(109, 201, 'Bacon and egg toast', '1', '55', '', '0'),
(110, 206, 'Tomato/Butternut soup', '1', '60', '', '0'),
(111, 207, 'Fruit Platter', '1', '50', '', '0'),
(112, 211, 'Fruit Platter', '1', '50', '', '0'),
(113, 0, 'Fruit Platter', '1', '50', '', '0'),
(114, 0, 'Fruit Platter', '2', '50', '', '0'),
(115, 0, 'Fruit Platter', '1', '50', '', '0'),
(116, 222, 'Fruit Platter', '1', '50', '', '0'),
(117, 223, 'Fruit Platter', '1', '50', '', '0'),
(118, 228, 'Fruit Platter', '4', '50', '', '0'),
(119, 229, 'Fruit Platter', '1', '50', '', '0'),
(120, 230, 'Fruit Platter', '1', '50', '', '0'),
(121, 230, 'Oatmeal + mik', '1', '120', '', '0'),
(122, 231, 'Beef/Chicken Keebabs in sauce', '4', '80', '', '0'),
(123, 232, 'Tomato/Butternut soup', '1', '60', '', '0'),
(124, 232, 'Wine by the glass', '1', '20', '', '0'),
(125, 232, 'Beef/Chicken Keebabs in sauce', '6', '80', '', '0'),
(126, 233, 'Malva pudding', '9', '50', '', '0'),
(127, 234, 'Malva pudding', '3', '50', '', '0'),
(128, 234, 'Beef/Chicken Keebabs in sauce', '6', '80', '', '0'),
(129, 234, 'Hot drinks', '1', '40', '', '0'),
(130, 235, ' Meatballs and pasta', '6', '100', '', '0'),
(131, 235, 'Fruit juice', '2', '30', '', '0'),
(132, 235, 'Wine by the glass', '1', '20', '', '0'),
(133, 236, 'Nuggets', '6', '60', '', '0'),
(134, 236, 'Chicken mayo sarmie', '6', '30', '', '0'),
(135, 237, 'Water', '7', '30', '', '0'),
(136, 237, '440ml fizzy drink', '4', '50', '', '0'),
(137, 237, 'Beef/Chicken Keebabs in sauce', '3', '80', '', '0'),
(138, 238, 'Water', '4', '30', '', '0'),
(139, 238, 'Bacon and egg toast', '9', '55', '', '0'),
(140, 238, 'Fruit juice', '8', '30', '', '0'),
(141, 239, 'Assorted nuts and cheese', '7', '50', '', '0'),
(142, 239, 'Assorted nuts and cheese', '3', '50', '', '0'),
(143, 240, 'Beef/Chicken Keebabs in sauce', '1', '80', '', '0'),
(144, 240, ' Beef lasgna + green salad', '1', '80', '', '0'),
(145, 241, 'Assorted nuts and cheese', '6', '50', '', '0'),
(146, 241, 'Beef/Chicken Keebabs in sauce', '1', '80', '', '0'),
(147, 242, 'Fruit Platter', '5', '50', '', '0'),
(148, 242, 'Half cheesecake', '8', '82', '', '0'),
(149, 243, 'Chicken mayo sarmie', '1', '30', '', '0'),
(150, 244, 'Beef/Chicken Keebabs in sauce', '1', '80', '', '0'),
(151, 245, 'Malva pudding', '3', '50', '', '0'),
(152, 246, 'Assorted nuts and cheese', '8', '50', '', '0'),
(153, 246, 'Bacon and egg toast', '1', '55', '', '0'),
(154, 246, 'Wine by the glass', '1', '20', '', '0'),
(155, 247, 'Fruit Platter', '1', '50', '', '0'),
(156, 257, 'Fruit Platter', '1', '50', '', '0'),
(157, 261, 'Tofu and salad', '1', '80', '', '0'),
(158, 263, 'Fruit Platter', '1', '50', '', '0'),
(159, 264, 'Fruit Platter', '1', '50', '', '0'),
(160, 267, 'Fruit Platter', '1', '50', '', '0'),
(161, 271, 'Tofu and salad', '1', '80', '', '0'),
(162, 274, 'Fruit Platter', '1', '50', '', '0'),
(163, 275, 'Fruit Platter', '1', '50', '', '0'),
(164, 278, 'Fruit Platter', '1', '50', '', '0'),
(165, 279, 'Fruit Platter', '5', '50', '', '0'),
(166, 279, '440ml fizzy drink', '6', '50', '', '0'),
(167, 279, 'Fruit juice', '1', '30', '', '0'),
(168, 280, 'Assorted nuts and cheese', '1', '50', '', '0'),
(169, 280, 'Beef/Chicken Keebabs in sauce', '1', '80', '', '0'),
(170, 281, 'Tomato/Butternut soup', '1', '60', '', '0'),
(171, 281, 'Tomato/Butternut soup', '1', '60', '', '0'),
(172, 281, 'Assorted nuts and cheese', '1', '50', '', '0'),
(173, 283, 'Tofu and salad', '2', '80', '', '0'),
(174, 284, 'Tofu and salad', '2', '80', '', '0'),
(175, 285, 'Tofu and salad', '5', '80', '', '0'),
(176, 289, 'Fruit Platter', '1', '50', '', '0'),
(177, 290, 'Fruit Platter', '1', '50', '', '0'),
(178, 290, 'Tofu and salad', '1', '80', '', '0'),
(179, 291, 'Fruit Platter', '1', '50', '', '0'),
(180, 292, 'Fruit Platter', '1', '50', '', '0'),
(181, 293, 'Fruit Platter', '1', '50', '', '0'),
(182, 293, 'Tofu and salad', '1', '80', '', '0'),
(183, 294, 'Tomato/Butternut soup', '1', '60', '', '0'),
(184, 294, 'Chicken mayo sarmie', '1', '30', '', '0'),
(185, 294, 'Tomato/Butternut soup', '1', '60', '', '0'),
(186, 295, 'Fruit Platter', '1', '50', '', '0'),
(187, 295, 'Tofu and salad', '1', '80', '', '0'),
(188, 295, 'Tomato/Butternut soup', '1', '60', '', '0'),
(189, 295, 'Tofu and salad', '1', '80', '', '0'),
(190, 296, 'Fruit Platter', '1', '50', '', '0'),
(191, 296, 'Tomato/Butternut soup', '1', '60', '', '0'),
(192, 296, 'Tofu and salad', '1', '80', '', '0'),
(193, 297, 'Fruit Platter', '1', '50', '', '0'),
(194, 297, 'Assorted nuts and cheese', '1', '50', '', '0'),
(195, 297, 'Wine by the glass', '1', '20', '', '0'),
(196, 297, 'Tofu and salad', '1', '80', '', '0'),
(197, 297, 'Tofu and salad', '1', '80', '', '0'),
(198, 297, 'Tomato/Butternut soup', '1', '60', '', '0'),
(199, 299, 'Fruit Platter', '1', '50', '', '0'),
(200, 299, 'Tomato/Butternut soup', '1', '60', '', '0'),
(201, 299, 'Tomato/Butternut soup', '1', '60', '', '0'),
(202, 300, 'Tofu and salad', '1', '80', '', '0'),
(203, 300, 'Fruit Platter', '1', '50', '', '0'),
(204, 300, 'Tofu and salad', '1', '80', '', '0'),
(205, 301, 'Fruit Platter', '1', '50', '', '0'),
(206, 301, 'Tofu and salad', '1', '80', '', '0'),
(207, 302, 'Tofu and salad', '1', '80', '', '0'),
(208, 303, 'Tofu and salad', '4', '80', '', '0'),
(209, 304, 'Fruit juice', '1', '30', '', '0'),
(210, 305, 'Assorted nuts and cheese', '1', '50', '', '0'),
(211, 305, 'Tofu and salad', '5', '80', '', '0'),
(212, 306, 'Bacon and egg toast', '1', '55', '', '0'),
(213, 306, 'Chicken mayo sarmie', '1', '30', '', '0'),
(214, 307, 'Tofu and salad', '1', '80', '', '0'),
(215, 309, 'Fruit Platter', '1', '50', '', '0'),
(216, 309, 'Pap/Rice, chicken +1 choice salad', '1', '70', '', '0'),
(217, 309, 'Fruit Platter', '1', '50', '', '0'),
(218, 309, 'Tofu and salad', '1', '80', '', '0'),
(219, 309, 'Tomato/Butternut soup', '1', '60', '', '0'),
(220, 310, 'Fruit Platter', '1', '50', '', '0'),
(221, 310, 'Fruit Platter', '1', '50', '', '0'),
(222, 311, 'Fruit Platter', '1', '50', '', '0'),
(223, 311, 'Fruit Platter', '1', '50', '', '0'),
(224, 312, 'Tofu and salad', '1', '80', '', '0'),
(225, 312, 'Tomato/Butternut soup', '1', '60', '', '0'),
(226, 312, 'Tofu and salad', '1', '80', '', '0'),
(227, 313, 'Tofu and salad', '1', '80', '', '0'),
(228, 313, 'Tomato/Butternut soup', '1', '60', '', '0'),
(229, 313, ' Meatballs and pasta', '1', '100', '', '0'),
(230, 313, 'Oatmeal + mik', '1', '120', '', '0'),
(231, 313, 'Water', '1', '30', '', '0'),
(232, 314, 'Tofu and salad', '1', '80', '', '0'),
(233, 314, 'Beef/Chicken Keebabs in sauce', '1', '80', '', '0'),
(234, 314, 'Water', '1', '30', '', '0'),
(235, 314, 'Nuggets', '1', '60', '', '0'),
(236, 315, 'Fruit Platter', '1', '50', '', '0'),
(237, 316, 'Tofu and salad', '1', '80', '', '0'),
(238, 317, 'Fruit Platter', '1', '50', '', '0'),
(239, 318, 'Tofu and salad', '1', '80', '', '0'),
(240, 318, 'Tomato/Butternut soup', '1', '60', '', '0'),
(241, 319, 'Tomato/Butternut soup', '1', '60', '', '0'),
(242, 319, 'Chicken mayo sarmie', '1', '30', '', '0'),
(243, 320, 'Tofu and salad', '1', '80', '', '0'),
(244, 320, 'Tomato/Butternut soup', '1', '60', '', '0'),
(245, 321, 'Tofu and salad', '1', '80', '', '0'),
(246, 321, 'Tomato/Butternut soup', '1', '60', '', '0'),
(247, 322, 'Tofu and salad', '1', '80', '', '0'),
(248, 322, 'Tomato/Butternut soup', '1', '60', '', '0'),
(249, 323, 'Tofu and salad', '1', '80', '', '0'),
(250, 323, 'Tomato/Butternut soup', '1', '60', '', '0'),
(251, 324, 'Tofu and salad', '1', '80', '', '0'),
(252, 324, 'Tomato/Butternut soup', '1', '60', '', '0'),
(253, 324, ' Beef lasgna + green salad', '1', '80', '', '0'),
(254, 324, 'Chicken mayo sarmie', '1', '30', '', '0'),
(255, 324, 'Bacon and egg toast', '1', '55', '', '0'),
(256, 325, 'Chicken mayo sarmie', '1', '30', '', '0'),
(257, 325, 'Tofu and salad', '1', '80', '', '0'),
(258, 326, 'Assorted nuts and cheese', '1', '50', '', '0'),
(259, 327, 'Tofu and salad', '1', '80', '', '0'),
(260, 327, 'Beef/Chicken Keebabs in sauce', '1', '80', '', '0'),
(261, 328, 'Tofu and salad', '1', '80', '', '0'),
(262, 329, 'Tofu and salad', '1', '80', '', '0'),
(263, 329, 'Bacon and egg toast', '1', '55', '', '0'),
(264, 330, 'Assorted nuts and cheese', '1', '50', '', '0'),
(265, 330, 'Tomato/Butternut soup', '1', '60', '', '0'),
(266, 331, 'Tofu and salad', '1', '80', '', '0'),
(267, 332, 'Tofu and salad', '1', '80', '', '0'),
(268, 332, 'Beef/Chicken Keebabs in sauce', '1', '80', '', '0'),
(269, 333, 'Tofu and salad', '1', '80', '', '0'),
(270, 333, 'Beef/Chicken Keebabs in sauce', '1', '80', '', '0'),
(271, 334, 'Beef/Chicken Keebabs in sauce', '1', '80', '', '0'),
(272, 334, 'Tofu and salad', '1', '80', '', '0'),
(273, 335, 'Tofu and salad', '1', '80', '', '0'),
(274, 335, 'Beef/Chicken Keebabs in sauce', '1', '80', '', '0'),
(275, 336, 'Tofu and salad', '1', '80', '', '0'),
(276, 336, 'Assorted nuts and cheese', '1', '50', '', '0'),
(277, 337, 'Tofu and salad', '1', '80', '', '0'),
(278, 338, 'Tofu and salad', '1', '80', '', '0'),
(279, 338, 'Tofu and salad', '1', '80', '', '0'),
(280, 339, 'Tofu and salad', '1', '80', '', '0'),
(281, 340, 'Tofu and salad', '1', '80', '', '0'),
(282, 340, 'Tofu and salad', '1', '80', '', '0'),
(283, 347, 'Tofu and salad', '1', '80', '', '0'),
(284, 347, 'Tomato/Butternut soup', '1', '60', '', '0'),
(285, 348, 'Fruit Platter', '1', '50', '', '0'),
(286, 348, 'Fruit Platter', '1', '50', '', '0'),
(287, 351, 'Tofu and salad', '1', '80', '', '0'),
(288, 352, 'Tofu and salad', '1', '80', '', '0'),
(289, 352, 'Tofu and salad', '1', '80', '', '0'),
(290, 354, 'Tomato/Butternut soup', '1', '60', '', '0'),
(291, 356, 'Tofu and salad', '1', '80', '', '0'),
(292, 357, 'Tofu and salad', '1', '80', '', '0'),
(293, 358, 'Tofu and salad', '1', '80', '', '0'),
(294, 359, 'Tofu and salad', '1', '80', '', '0'),
(295, 360, 'Tofu and salad', '1', '80', '', '0'),
(296, 360, 'Tomato/Butternut soup', '1', '60', '', '0'),
(297, 360, 'Tomato/Butternut soup', '1', '60', '', '0'),
(298, 360, 'Tomato/Butternut soup', '1', '60', '', '0'),
(299, 361, 'Tofu and salad', '1', '80', '', '0'),
(300, 362, 'Beef/Chicken Keebabs in sauce', '3', '80', '', '0'),
(301, 362, 'Assorted nuts and cheese', '3', '50', '', '0'),
(302, 363, 'Tomato/Butternut soup', '1', '60', '', '0'),
(303, 363, 'Fruit Platter', '1', '50', '', '0'),
(304, 364, 'Tomato/Butternut soup', '3', '60', '', '0'),
(305, 364, 'Water', '2', '30', '', '0'),
(306, 364, ' Beef lasgna + green salad', '1', '80', '', '0'),
(307, 364, 'Water', '1', '30', '', '0'),
(308, 365, 'Tofu and salad', '2', '80', '', '0'),
(309, 365, 'Hot drinks', '1', '40', '', '0'),
(310, 365, 'Wine by the glass', '1', '20', '', '0'),
(311, 365, 'Tomato/Butternut soup', '1', '60', '', '0'),
(312, 366, 'Fruit juice', '1', '30', '', '0'),
(313, 366, 'Pap/Rice, chicken +1 choice salad', '1', '70', '', '0'),
(314, 367, 'Fruit Platter', '1', '50', '', '0'),
(315, 367, 'Fruit Platter', '1', '50', '', '0'),
(316, 368, 'Fruit Platter', '1', '50', '', '0'),
(317, 368, 'Wine by the glass', '1', '20', '', '0'),
(318, 368, 'Beef/Chicken Keebabs in sauce', '1', '80', '', '0'),
(319, 369, 'Beef/Chicken Keebabs in sauce', '1', '80', '', '0'),
(320, 370, 'Beef/Chicken Keebabs in sauce', '1', '80', '', '0'),
(321, 371, 'Tofu and salad', '1', '80', '', '0'),
(322, 373, 'Tofu and salad', '1', '80', '', '0'),
(323, 373, 'Tomato/Butternut soup', '1', '60', '', '0'),
(324, 373, 'Assorted nuts and cheese', '1', '50', '', '0'),
(325, 374, 'Tofu and salad', '1', '80', '', '0'),
(326, 375, 'Tofu and salad', '1', '80', '', '0'),
(327, 376, 'Tofu and salad', '1', '80', '', '0'),
(328, 376, 'Nuggets', '1', '60', '', '0'),
(329, 377, 'Tofu and salad', '1', '80', '', '0'),
(330, 377, 'Tomato/Butternut soup', '1', '60', '', '0'),
(331, 378, 'Fruit Platter', '1', '50', '', '0'),
(332, 378, 'Tofu and salad', '1', '80', '', '0'),
(333, 380, 'Tofu and salad', '1', '80', '', '0'),
(334, 380, 'Tofu and salad', '1', '80', '', '0'),
(335, 381, 'Tofu and salad', '1', '80', '', '0'),
(336, 381, 'Tomato/Butternut soup', '1', '60', '', '0'),
(337, 382, 'Tofu and salad', '1', '80', '', '0'),
(338, 382, 'Hot drinks', '1', '40', '', '0'),
(339, 382, 'Water', '1', '30', '', '0'),
(340, 382, ' Meatballs and pasta', '1', '100', '', '0'),
(341, 383, 'Water', '1', '30', '', '0'),
(342, 383, 'Tofu and salad', '1', '80', '', '0'),
(343, 384, 'Tofu and salad', '1', '80', '', '0'),
(344, 385, 'Tofu and salad', '1', '80', '', '0'),
(345, 385, 'Tomato/Butternut soup', '1', '60', '', '0'),
(346, 389, 'Tofu and salad', '1', '80', '', '0'),
(347, 390, 'Fruit Platter', '1', '50', '', '0'),
(348, 390, 'Tofu and salad', '1', '80', '', '0'),
(349, 402, 'Fruit Platter', '1', '50', '', '0'),
(350, 402, 'Fruit Platter', '2', '50', '', '0'),
(351, 403, 'Tofu and salad', '2', '80', '', '0'),
(352, 404, 'Tofu and salad', '1', '80', '', '0'),
(353, 405, 'Tofu and salad', '1', '80', '', '0'),
(354, 412, 'Assorted nuts and cheese', '1', '50', '', '0'),
(355, 412, 'Oatmeal + mik', '1', '120', '', '0'),
(356, 413, 'Tofu and salad', '1', '80', '', '0'),
(357, 414, 'Tofu and salad', '1', '80', '', '0'),
(358, 415, 'Oatmeal + mik', '5', '120', '', '0'),
(359, 417, ' Beef lasgna + green salad', '1', '80', '', '0'),
(360, 418, 'Tomato/Butternut soup', '2', '60', '', '0'),
(361, 419, 'Tofu and salad', '1', '80', '', '0'),
(362, 419, 'Tomato/Butternut soup', '1', '60', '', '0');

-- --------------------------------------------------------

--
-- Table structure for table `payment`
--

CREATE TABLE `payment` (
  `payment_id` int NOT NULL,
  `ticket_id` int NOT NULL,
  `payment_type` int NOT NULL,
  `amount` int NOT NULL,
  `card_number` text NOT NULL,
  `cvv` int NOT NULL,
  `expire_date` varchar(10) CHARACTER SET utf8 COLLATE utf8_general_ci NOT NULL,
  `status` varchar(11) NOT NULL
) ENGINE=InnoDB DEFAULT CHARSET=utf8;

--
-- Dumping data for table `payment`
--

INSERT INTO `payment` (`payment_id`, `ticket_id`, `payment_type`, `amount`, `card_number`, `cvv`, `expire_date`, `status`) VALUES
(1, 1, 1, 122, '5555555555555555', 123, '2020-11', '1'),
(2, 46, 1, 1463, '67777', 333, '2020-11-06', '1'),
(3, 47, 1, 1993, '87878879879797980000', 333, '2020-11-06', '1'),
(4, 49, 1, 2010724, '5252366925145880', 309, '2020-11-06', '1'),
(5, 50, 1, 1968, '23525252525252530', 309, '2020-11-06', '1'),
(6, 51, 1, 18544, '44444444444444', 434, '2020-11-06', '1'),
(7, 52, 1, 1463, '777', 333, '2020-11-09', '1'),
(8, 66, 1, 2015, '7777888899990000', 999, '2020-11-10', '1'),
(9, 66, 1, 2015, '7777888899990000', 999, '2020-11-10', '1'),
(10, 67, 1, 2018, '87689987987989870000', 999, '2021-11-10', '1'),
(11, 68, 1, 14115, '8978987987987987', 777, '2020-11-10', '1'),
(12, 69, 1, 1668, '1.8379994076288855e25', 105, '2018-11-10', '1'),
(13, 72, 1, 1518, '6666222266662222', 777, '2025-11-11', '1'),
(14, 73, 1, 9103, '1234569871023654', 221, '2022-11-11', '1'),
(15, 74, 1, 948, '2345678963258741', 1236, '2019-11-11', '1'),
(16, 74, 1, 948, '2345678963258741', 1236, '2019-11-11', '1'),
(17, 75, 1, 1498, '2819646016768046', 587, '2020-11-12', '1'),
(18, 76, 1, 0, '1234567896541236', 1234, '2020-11-14', '1'),
(19, 77, 1, 30, '1234567809876545', 2200, '2021-11-15', '1'),
(20, 82, 1, 30, '1234567891011124', 222, '2018-11-19', '1'),
(21, 89, 1, 1899, '9999000099990000', 999, '2020-11-20', '1'),
(22, 90, 1, 1899, '8888999900008888', 909, '2020-11-20', '1'),
(23, 91, 1, 50, '-123456985231456', 5555, '2019-11-21', '1'),
(24, 98, 1, 1999, '9999888877776666', 333, '2020-11-21', '1'),
(25, 99, 1, 1999, '8888999988889999', 222, '2020-11-21', '1'),
(26, 100, 1, 1999, '2222222222222222', 222, '2020-11-21', '1'),
(27, 101, 1, 1999, '2222222222222222', 222, '2020-11-21', '1'),
(28, 102, 1, 1999, '2222222222222222', 222, '2020-11-21', '1'),
(29, 103, 1, 1999, '2222222222222222', 222, '2020-11-21', '1'),
(30, 104, 1, 1999, '2222222222222222', 222, '2020-11-21', '1'),
(31, 0, 1, 1999, '2222222222222222', 222, '2020-11-21', '1'),
(32, 0, 1, 1999, '2222222222222222', 222, '2020-11-21', '1'),
(33, 0, 1, 1999, '2222222222222222', 222, '2020-11-21', '1'),
(34, 0, 1, 1999, '2222222222222222', 222, '2020-11-21', '1'),
(35, 0, 1, 1999, '2222222222222222', 222, '2020-11-21', '1'),
(36, 0, 1, 1999, '2222222222222222', 222, '2020-11-21', '1'),
(37, 126, 1, 1999, '2222222222222222', 222, '2020-11-21', '1'),
(38, 127, 1, 1428, '7777888899993333', 333, '2022-11-21', '1'),
(39, 128, 1, 1428, '1111222233334444', 222, '2020-11-21', '1'),
(40, 129, 1, 1428, '8888999977776666', 222, '2020-11-22', '1'),
(41, 130, 1, 1428, '2222333388886666', 222, '2020-11-22', '1'),
(42, 131, 1, 1428, '8888777722229999', 999, '2020-11-22', '1'),
(43, 132, 1, 1428, '9988999977776666', 222, '2020-11-22', '1'),
(44, 133, 1, 1428, '5555666644442222', 222, '2020-11-22', '1'),
(45, 137, 1, 1428, '8888222266664444', 222, '2020-11-22', '1'),
(46, 138, 1, 1428, '8888222266664444', 222, '2020-11-22', '1'),
(47, 142, 1, 1998, '1236547896541029', 2235, '2021-11-24', '1'),
(48, 143, 1, 948, '1234123412341234', 27, '2020-11-25', '1'),
(49, 144, 1, 1658, '1234122412343227', 33, '2020-11-25', '1'),
(50, 145, 1, 1849, '1425147896365214', 309, '2024-11-26', '1'),
(51, 151, 1, 1468, '8888999900001111', 777, '2020-11-27', '1'),
(52, 152, 1, 1579, '3333444477771111', 333, '2021-11-27', '1'),
(53, 153, 1, 1579, '2222999933338888', 222, '2020-11-27', '1'),
(54, 158, 1, 1904, '3333444488880000', 344, '2020-11-28', '1'),
(55, 164, 1, 2018, '0000999988887777', 999, '2020-11-28', '1'),
(56, 165, 1, 50, '9090878765654343', 676, '2020-11-28', '1'),
(57, 176, 1, 1468, '9999666622226666', 111, '2020-11-28', '1'),
(58, 185, 1, 1579, '7878656543432121', 333, '2020-11-28', '1'),
(59, 186, 1, 1968, '9090878767654542', 222, '2020-11-28', '1'),
(60, 187, 1, 1579, '9090989887877676', 222, '2020-11-28', '1'),
(61, 188, 1, 1529, '1212232334344545', 555, '2020-11-28', '1'),
(62, 189, 1, 1579, '0909121209091212', 333, '2020-11-28', '1'),
(63, 190, 1, 1529, '0909121209091212', 222, '2020-11-28', '1'),
(64, 192, 1, 1579, '5555999933336666', 222, '2020-11-28', '1'),
(65, 193, 1, 1879, '5555999933337777', 222, '2020-11-28', '1'),
(66, 201, 1, 1473, '2299456756735678', 990, '2022-11-28', '1'),
(67, 206, 1, 1589, '9999000033334444', 444, '2020-11-28', '1'),
(68, 207, 1, 1579, '4444444444444444', 333, '2020-11-28', '1'),
(69, 211, 1, 1468, '8888999988889999', 333, '2020-11-28', '1'),
(70, 0, 1, 1579, '2222888899994444', 333, '2020-11-28', '1'),
(71, 0, 1, 1629, '9999333399994444', 444, '2020-11-28', '1'),
(72, 0, 1, 2018, '9999333300002222', 333, '2020-11-28', '1'),
(73, 0, 1, 1968, '0909878765654343', 666, '2020-11-28', '1'),
(74, 222, 1, 2018, '8888999900009999', 999, '2020-11-28', '1'),
(75, 223, 1, 1579, '0909989887877676', 555, '2020-11-28', '1'),
(76, 224, 1, 1968, '8989898989898989', 989, '2020-11-28', '1'),
(77, 228, 1, 7596, '2222777733339999', 666, '2020-11-28', '1'),
(78, 229, 1, 6166, '9999888833334444', 444, '2020-11-28', '1'),
(79, 230, 1, 7203, '0000222299997777', 222, '2020-11-28', '1'),
(80, 231, 1, 4681, '2222777799990000', 222, '2020-11-28', '1'),
(81, 232, 1, 8205, '9999000033337777', 222, '2020-11-28', '1'),
(82, 233, 1, 1979, '9090232309092323', 222, '2020-11-28', '1'),
(83, 234, 1, 9232, '9090212190902121', 222, '2020-11-28', '1'),
(84, 235, 1, 6747, '8900888822223333', 323, '2020-11-28', '1'),
(85, 236, 1, 13007, '9090323290903232', 333, '2020-11-28', '1'),
(86, 237, 1, 11965, '9090343490904334', 333, '2020-11-28', '1'),
(87, 238, 1, 10641, '9090343490903434', 222, '2020-11-28', '1'),
(88, 239, 1, 10854, '3434989834349898', 444, '2020-11-28', '1'),
(89, 240, 1, 8722, '9032903290329032', 444, '2020-11-28', '1'),
(90, 241, 1, 8942, '9032903290329032', 333, '2020-11-28', '1'),
(91, 242, 1, 6215, '9021902190219021', 232, '2020-11-28', '1'),
(92, 243, 1, 13713, '9032903290329032', 323, '2020-11-28', '1'),
(93, 244, 1, 5890, '9032903290329032', 333, '2020-11-28', '1'),
(94, 245, 1, 7489, '9032903290329032', 323, '2020-11-28', '1'),
(95, 246, 1, 13319, '8932893289328932', 988, '2020-11-28', '1'),
(96, 247, 1, 1468, '4587963214784589', 123, '2020-11-29', '1'),
(97, 256, 1, 1529, '1234567890123456', 123, '2021-11-30', '1'),
(98, 257, 1, 15794, '2123456789654323', 309, '2022-11-30', '1'),
(99, 258, 1, 3542, '9098123456781234', 901, '2020-11-30', '1'),
(100, 259, 1, 1968, '1234567890123456', 123, '2021-11-30', '1'),
(101, 261, 1, 14260, '3245678965432345', 309, '2022-11-30', '1'),
(102, 263, 1, 7695, '9021902190219021', 323, '2020-11-30', '1'),
(103, 264, 1, 5722, '9021902190210999', 898, '2020-11-30', '1'),
(104, 265, 1, 1968, '1234567890123456', 111, '2020-11-30', '1'),
(105, 266, 1, 1529, '3232345678987643', 258, '2023-11-30', '1'),
(106, 267, 1, 1398, '4343434343434343', 306, '2021-11-30', '1'),
(107, 268, 1, 1849, '1234567890123456', 123, '2020-11-30', '1'),
(108, 269, 1, 1968, '2123456787643245', 456, '2022-11-30', '1'),
(109, 270, 1, 1348, '2345654323456765', 309, '2022-11-30', '1'),
(110, 271, 1, 2776, '5432467888888653', 309, '2023-11-30', '1'),
(111, 272, 1, 1348, '1234567890123456', 123, '2020-11-30', '1'),
(112, 273, 1, 1348, '1234567890112345', 123, '2022-11-30', '1'),
(113, 274, 1, 14230, '1234567896434567', 306, '2022-11-30', '1'),
(114, 275, 1, 2018, '1234567890123456', 123, '2022-11-30', '1'),
(115, 276, 1, 1948, '1234567890123456', 123, '2020-11-30', '1'),
(116, 277, 1, 2836, '1234567887654321', 102, '2021-11-30', '1'),
(117, 278, 1, 2886, '4354672134567897', 308, '2022-11-30', '1'),
(118, 279, 1, 5320, '1234567890123456', 123, '2020-11-30', '1'),
(119, 280, 1, 7469, '7878343487873434', 343, '2020-12-02', '1'),
(120, 281, 1, 3772, '9021902190219021', 435, '2020-12-02', '1'),
(121, 282, 1, 8136, '5555555555555555', 124, '2021-02-14', '1'),
(122, 283, 1, 9775, '5555555555555555', 123, '2021-02-14', '1'),
(123, 284, 1, 7186, '5412545897456223', 1254, '2022-02-16', '1'),
(124, 285, 1, 3236, '8574626284747483', 657, '2023-02-17', '1'),
(125, 286, 1, 11186, '5555555555555555', 123, '2021-02-17', '1'),
(126, 289, 1, 1598, '1234567897543245', 666, '2022-02-18', '1'),
(127, 290, 1, 4464, '1234567890123456', 444, '2021-02-18', '1'),
(128, 291, 1, 1053, '1234567890123456', 432, '2021-02-18', '1'),
(129, 293, 1, 1078, '1234567890123456', 443, '2021-02-18', '1'),
(130, 294, 1, 1098, '1234567890123456', 234, '2021-02-18', '1'),
(131, 295, 1, 1218, '1234567890098765', 777, '2021-02-18', '1'),
(132, 296, 1, 1198, '1234567890987654', 765, '2021-02-18', '1'),
(133, 297, 1, 1898, '1234567890123456', 778, '2021-02-18', '1'),
(134, 298, 1, 1608, '1234567890098765', 777, '2021-02-18', '1'),
(135, 299, 1, 1118, '1234567890123456', 123, '2021-02-18', '1'),
(136, 300, 1, 1628, '1234567890098765', 777, '2021-02-18', '1'),
(137, 301, 1, 1078, '1234567890123456', 777, '2021-02-18', '1'),
(138, 302, 1, 1078, '1234567891234564', 123, '2021-02-18', '1'),
(139, 303, 1, 20469, '5485625896565252', 548, '2022-02-19', '1'),
(140, 304, 1, 1378, '1234432209877890', 122, '2021-02-19', '1'),
(141, 305, 1, 13393, '1233432209877890', 123, '2020-02-19', '1'),
(142, 306, 1, 1133, '4556124578902345', 235, '2023-02-19', '1'),
(143, 307, 1, 1929, '5458585858585858', 502, '2022-02-19', '1'),
(144, 308, 1, 1418, '8585858585858585', 302, '2021-02-19', '1'),
(145, 309, 1, 2206, '1234567890123456', 778, '2021-02-19', '1'),
(146, 310, 1, 4840, '1234567890123456', 444, '2021-02-19', '1'),
(147, 311, 1, 1048, '1234567890123456', 444, '2021-02-19', '1'),
(148, 312, 1, 1168, '1234567890123455', 444, '2021-02-19', '1'),
(149, 313, 1, 1338, '1234567890123456', 444, '2021-02-19', '1'),
(150, 314, 1, 1598, '1234567890123456', 333, '2021-02-19', '1'),
(151, 315, 1, 4080, '1234567880357537', 123, '2023-02-20', '1'),
(152, 316, 1, 1028, '1234567890123456', 444, '2021-02-20', '1'),
(153, 317, 1, 998, '1234567890123444', 444, '2021-02-20', '1'),
(154, 318, 1, 1088, '1234567890123456', 444, '2021-02-20', '1'),
(155, 319, 1, 1038, '1234567890123456', 444, '2021-02-20', '1'),
(156, 320, 1, 2984, '1234567890123456', 333, '2021-02-20', '1'),
(157, 321, 1, 2984, '1234567891234564', 444, '2021-02-20', '1'),
(158, 322, 1, 1088, '1234567890123455', 555, '2021-02-20', '1'),
(159, 323, 1, 1088, '1234567890123456', 555, '2021-02-20', '1'),
(160, 324, 1, 1253, '1234567890123456', 333, '2021-02-20', '1'),
(161, 325, 1, 2946, '1234567890123456', 555, '2021-02-20', '1'),
(162, 326, 1, 998, '1234567890123456', 444, '2021-02-20', '1'),
(163, 327, 1, 3952, '1234567890123454', 444, '2021-02-20', '1'),
(164, 328, 1, 1028, '1234567890123456', 444, '2021-02-20', '1'),
(165, 329, 1, 2031, '1234567890123456', 556, '2021-02-20', '1'),
(166, 330, 1, 1058, '1111111111111111', 333, '2021-02-20', '1'),
(167, 331, 1, 1028, '1234567890123456', 444, '2021-02-20', '1'),
(168, 332, 1, 4900, '1234567890123455', 444, '2021-02-20', '1'),
(169, 333, 1, 4900, '1234567890123456', 555, '2021-02-20', '1'),
(170, 334, 1, 4900, '1234567890123456', 444, '2021-02-20', '1'),
(171, 335, 1, 4900, '1234567890123456', 444, '2021-02-20', '1'),
(172, 336, 1, 1548, '1234567890123456', 444, '2021-02-20', '1'),
(173, 337, 1, 1028, '1234567890123453', 443, '2021-02-20', '1'),
(174, 338, 1, 1108, '1234567890123456', 555, '2021-02-20', '1'),
(175, 339, 1, 1028, '1234567890123456', 444, '2021-02-20', '1'),
(176, 340, 1, 3952, '1234567890123456', 999, '2021-02-20', '1'),
(177, 341, 1, 948, '1234567890123456', 444, '2021-02-20', '1'),
(178, 342, 1, 948, '1234567890123456', 444, '2020-02-20', '1'),
(179, 344, 1, 948, '1234567890123456', 888, '2021-02-20', '1'),
(180, 345, 1, 948, '1234567890123456', 333, '2021-02-20', '1'),
(181, 346, 1, 948, '1234567890123456', 444, '2021-02-20', '1'),
(182, 347, 1, 1088, '1234567890123454', 333, '2021-02-20', '1'),
(183, 348, 1, 1048, '1234567890123456', 333, '2021-02-20', '1'),
(184, 349, 1, 948, '1234567890123456', 444, '2021-02-20', '1'),
(185, 350, 1, 948, '1234567890123456', 444, '2021-02-20', '1'),
(186, 351, 1, 1028, '1234567890123456', 444, '2021-02-20', '1'),
(187, 352, 1, 1108, '1234567890123456', 444, '2021-02-20', '1'),
(188, 353, 1, 948, '1234567890123456', 444, '2021-02-20', '1'),
(189, 354, 1, 1008, '1234567890123456', 444, '2021-02-20', '1'),
(190, 355, 1, 2844, '1234567890123456', 444, '2021-02-20', '1'),
(191, 356, 1, 1028, '1234567890123456', 444, '2021-02-20', '1'),
(192, 357, 1, 4334, '1234567890123456', 333, '2021-02-21', '1'),
(193, 358, 1, 2924, '1234567890123456', 777, '2021-02-21', '1'),
(194, 359, 1, 2924, '1234567890123456', 444, '2021-02-21', '1'),
(195, 360, 1, 4052, '1234567890123456', 444, '2021-02-21', '1'),
(196, 361, 1, 4887, '5235689541578452', 586, '2022-02-21', '1'),
(197, 362, 1, 4360, '5489632541256352', 545, '2021-02-21', '1'),
(198, 363, 1, 5657, '5487965874589658', 458, '2023-02-22', '1'),
(199, 364, 1, 4048, '5425457856325412', 458, '2022-02-22', '1'),
(200, 365, 1, 3116, '5487968574589658', 458, '2022-02-22', '1'),
(201, 366, 1, 1048, '4589657896587456', 458, '2022-02-22', '1'),
(202, 367, 1, 1518, '5487968541256324', 458, '2022-02-24', '1'),
(203, 368, 1, 1568, '2514563985745125', 452, '2022-02-24', '1'),
(204, 369, 1, 1428, '5241256352145896', 458, '2021-02-24', '1'),
(205, 370, 1, 5768, '1234567890123456', 123, '2022-02-24', '1'),
(206, 371, 1, 1498, '1234567890123456', 222, '2021-02-26', '1'),
(207, 372, 1, 1418, '1234567890123456', 333, '2021-02-26', '1'),
(208, 373, 1, 1608, '1234567890123456', 333, '2021-02-26', '1'),
(209, 374, 1, 1498, '1234567891234568', 123, '2021-02-26', '1'),
(210, 375, 1, 1498, '1234567890123456', 123, '2021-02-26', '1'),
(211, 376, 1, 1558, '1234567890123456', 123, '2021-02-26', '1'),
(212, 377, 1, 1989, '1234567890123456', 123, '2021-02-26', '1'),
(213, 378, 1, 1979, '4985568595742632', 785, '2023-02-26', '1'),
(214, 379, 1, 1418, '4587541256984589', 458, '2020-02-27', '1'),
(215, 380, 1, 2009, '1234567890123456', 123, '2022-02-27', '1'),
(216, 381, 1, 1989, '5487542156985123', 458, '2021-02-27', '1'),
(217, 382, 1, 1668, '5487965874569854', 458, '2022-02-27', '1'),
(218, 383, 1, 1528, '5487965874589658', 478, '2022-02-27', '1'),
(219, 384, 1, 1428, '1234567890123456', 123, '2021-02-27', '1'),
(220, 385, 1, 1488, '1234567890123456', 123, '2021-02-28', '1'),
(221, 386, 1, 1348, '1234567890123456', 123, '2021-02-28', '1'),
(222, 387, 1, 1348, '1234567890123456', 123, '2021-02-28', '1'),
(223, 388, 1, 1418, '1234567890123456', 123, '2021-02-28', '1'),
(224, 389, 1, 1498, '1234567890123456', 123, '2021-02-28', '1'),
(225, 390, 1, 1478, '1234567890123456', 123, '2021-02-28', '1'),
(226, 391, 1, 1849, '4587458965874569', 478, '2022-02-28', '1'),
(227, 402, 1, 1498, '1234567890123456', 123, '2021-02-28', '1'),
(228, 403, 1, 1508, '1234567890123456', 111, '2021-02-28', '1'),
(229, 404, 1, 1428, '1234567890123456', 123, '2021-02-28', '1'),
(230, 405, 1, 1498, '1234567890123465', 123, '2021-02-28', '1'),
(231, 406, 1, 1849, '5412698745896521', 456, '2021-02-28', '1'),
(232, 407, 1, 1849, '4589658745215698', 458, '2022-02-28', '1'),
(233, 408, 1, 1418, '5896745896521365', 896, '2022-02-28', '1'),
(234, 411, 1, 14180, '1234432112344321', 123, '2021-03-15', '1'),
(235, 412, 1, 1588, '876578955446964y', 123, '2026-03-16', '1'),
(236, 413, 1, 1929, '1734567890123459', 123, '2021-03-16', '1'),
(237, 414, 1, 1498, '5698541256987458', 458, '2021-03-18', '1'),
(238, 415, 1, 9845, '1234567898765432', 306, '2023-03-18', '1'),
(239, 416, 1, 1348, '1234567543323456', 396, '2023-03-18', '1'),
(240, 417, 1, 1929, '1233456777777443', 123, '2027-03-18', '1'),
(241, 418, 1, 1538, '1234123412341234', 203, '2021-03-18', '1'),
(242, 419, 1, 1989, '5412589658745632', 458, '2022-03-18', '1');

-- --------------------------------------------------------

--
-- Table structure for table `ticket`
--

CREATE TABLE `ticket` (
  `ticket_id` int NOT NULL,
  `uuid` text NOT NULL,
  `airport_name` text NOT NULL,
  `flight_no` varchar(11) NOT NULL,
  `boarding_time` text NOT NULL,
  `departure_time` text NOT NULL,
  `boarding_return_time` text CHARACTER SET utf8 COLLATE utf8_general_ci NOT NULL,
  `return_time` text NOT NULL,
  `seat` text CHARACTER SET utf8 COLLATE utf8_general_ci NOT NULL,
  `ispaid` tinyint(1) NOT NULL
) ENGINE=InnoDB DEFAULT CHARSET=utf8;

--
-- Dumping data for table `ticket`
--

INSERT INTO `ticket` (`ticket_id`, `uuid`, `airport_name`, `flight_no`, `boarding_time`, `departure_time`, `boarding_return_time`, `return_time`, `seat`, `ispaid`) VALUES
(29, '5bb9dad8-f832-4ff7-b3e7-6ae5156faec1', 'Cape Town CPT', 'A909', '09:00', '12:16', '', '', 'E64', 0),
(30, '5bb9dad8-f832-4ff7-b3e7-6ae5156faec1', 'Cape Town CPT', 'A909', '09:00', '12:16', '', '', 'E13', 0),
(31, '5bb9dad8-f832-4ff7-b3e7-6ae5156faec1', 'Cape Town CPT', 'A909', '09:00', '12:16', '', '', 'E30', 0),
(32, '5bb9dad8-f832-4ff7-b3e7-6ae5156faec1', 'Cape Town CPT', 'A909', '09:00', '12:16', '', '', 'E28', 0),
(33, '5bb9dad8-f832-4ff7-b3e7-6ae5156faec1', 'Cape Town CPT', 'A909', '09:00', '12:16', '', '', 'E88', 0),
(34, '5bb9dad8-f832-4ff7-b3e7-6ae5156faec1', 'Cape Town CPT', 'A909', '09:00', '12:16', '', '', 'E68', 0),
(35, '5bb9dad8-f832-4ff7-b3e7-6ae5156faec1', 'Cape Town CPT', 'A909', '09:00', '12:16', '', '', 'E12', 0),
(36, '5bb9dad8-f832-4ff7-b3e7-6ae5156faec1', 'Cape Town CPT', 'A909', '09:00', '12:16', '', '', 'E38', 0),
(37, '5bb9dad8-f832-4ff7-b3e7-6ae5156faec1', 'Cape Town CPT', 'A909', '09:00', '12:16', '', '', 'E41', 0),
(38, '5bb9dad8-f832-4ff7-b3e7-6ae5156faec1', 'Cape Town CPT', 'A909', '09:00', '12:16', '', '', 'E19', 0),
(39, '5bb9dad8-f832-4ff7-b3e7-6ae5156faec1', 'Cape Town CPT', 'A909', '09:00', '12:16', '', '', 'E27', 0),
(40, '5bb9dad8-f832-4ff7-b3e7-6ae5156faec1', 'Cape Town CPT', 'A909', '09:00', '12:16', '', '', 'E75', 0),
(41, '5bb9dad8-f832-4ff7-b3e7-6ae5156faec1', 'Cape Town CPT', 'A909', '09:00', '12:16', '', '', 'E10', 0),
(42, '5bb9dad8-f832-4ff7-b3e7-6ae5156faec1', 'Cape Town CPT', 'A909', '09:00', '12:16', '', '', 'E19', 0),
(43, '5bb9dad8-f832-4ff7-b3e7-6ae5156faec1', 'Cape Town CPT', 'A909', '09:00', '12:16', '', '', 'E74', 0),
(44, '5bb9dad8-f832-4ff7-b3e7-6ae5156faec1', 'Cape Town CPT', 'A909', '09:00', '12:16', '', '', 'E2.', 0),
(45, '5bb9dad8-f832-4ff7-b3e7-6ae5156faec1', 'Cape Town CPT', 'A909', '09:00', '12:16', '', '', 'E56', 0),
(46, '5bb9dad8-f832-4ff7-b3e7-6ae5156faec1', 'Cape Town CPT', 'A909', '09:00', '13:40', '', '', 'E14', 0),
(47, '5bb9dad8-f832-4ff7-b3e7-6ae5156faec1', 'Cape Town CPT', 'A909', '09:00', '13:47', '', '', 'E81', 0),
(48, '5bb9dad8-f832-4ff7-b3e7-6ae5156faec1', 'Johannesburg JNB', 'A909', '09:00', '16:19', '', '', 'E36', 0),
(49, 'b2888b92-6049-4fd8-ae23-252376afc222', 'Johannesburg JNB', 'A909', '09:00', '16:08', '', '', 'B6.', 0),
(50, 'b2888b92-6049-4fd8-ae23-252376afc222', 'Johannesburg JNB', 'A909', '09:00', '16:28', '', '', 'E14', 0),
(51, 'dc21ba3b-1d62-42e4-991e-c0d8943a47fa', 'Johannesburg JNB', 'A909', '09:00', '22:30', '', '', 'E33', 0),
(52, 'dc21ba3b-1d62-42e4-991e-c0d8943a47fa', 'Johannesburg JNB', 'A909', '09:00', '23:10', '', '', 'E32', 0),
(53, 'dc21ba3b-1d62-42e4-991e-c0d8943a47fa', 'Bloemfontain BFN', 'A909', '09:00', '23:33', '', '', 'E50', 0),
(54, 'dc21ba3b-1d62-42e4-991e-c0d8943a47fa', 'Johannesburg JNB', 'A909', '09:00', '14:55', '', '', 'E19', 0),
(55, 'dc21ba3b-1d62-42e4-991e-c0d8943a47fa', 'Johannesburg JNB', 'A909', '09:00', '14:55', '', '', 'E54', 0),
(56, 'dc21ba3b-1d62-42e4-991e-c0d8943a47fa', 'Johannesburg JNB', 'A909', '09:00', '14:55', '', '', 'E36', 0),
(57, 'dc21ba3b-1d62-42e4-991e-c0d8943a47fa', 'Johannesburg JNB', 'A909', '09:00', '14:55', '', '', 'E67', 0),
(58, 'dc21ba3b-1d62-42e4-991e-c0d8943a47fa', 'Johannesburg JNB', 'A909', '09:00', '14:55', '', '', 'E18', 0),
(59, 'dc21ba3b-1d62-42e4-991e-c0d8943a47fa', 'Johannesburg JNB', 'A909', '09:00', '14:55', '', '', 'E8.', 0),
(60, 'dc21ba3b-1d62-42e4-991e-c0d8943a47fa', 'Johannesburg JNB', 'A909', '09:00', '14:55', '', '', 'E85', 0),
(61, 'dc21ba3b-1d62-42e4-991e-c0d8943a47fa', 'Johannesburg JNB', 'A909', '09:00', '14:55', '', '', 'E70', 0),
(62, 'dc21ba3b-1d62-42e4-991e-c0d8943a47fa', 'Johannesburg JNB', 'A909', '09:00', '14:55', '', '', 'E73', 0),
(63, 'dc21ba3b-1d62-42e4-991e-c0d8943a47fa', 'Johannesburg JNB', 'A909', '09:00', '14:55', '', '', 'E74', 0),
(64, 'dc21ba3b-1d62-42e4-991e-c0d8943a47fa', 'Johannesburg JNB', 'A909', '09:00', '14:55', '', '', 'E45', 0),
(65, 'dc21ba3b-1d62-42e4-991e-c0d8943a47fa', 'Johannesburg JNB', 'A909', '09:00', '15:30', '', '', 'E42', 0),
(66, 'dc21ba3b-1d62-42e4-991e-c0d8943a47fa', 'Cape Town CPT', 'A909', '09:00', '15:36', '', '', 'E43', 0),
(67, 'dc21ba3b-1d62-42e4-991e-c0d8943a47fa', 'Cape Town CPT', 'A909', '09:00', '16:10', '', '', 'E29', 0),
(68, 'dc21ba3b-1d62-42e4-991e-c0d8943a47fa', 'Cape Town CPT', 'A909', '09:00', '16:13', '', '', 'E26', 0),
(69, 'dc21ba3b-1d62-42e4-991e-c0d8943a47fa', 'Johannesburg JNB', 'A909', '09:00', '16:47', '', '', 'E54', 0),
(70, '3ad41257-9b3a-4a62-87eb-7c1ddd3efab1', 'Johannesburg JNB', 'A909', '09:00', '20:08', '', '', 'E50', 0),
(71, '3ad41257-9b3a-4a62-87eb-7c1ddd3efab1', 'Johannesburg JNB', 'A909', '09:00', '20:18', '', '', 'E9.', 0),
(72, 'dc21ba3b-1d62-42e4-991e-c0d8943a47fa', 'Bloemfontain BFN', 'A909', '09:00', '11:09', '', '', 'E32', 0),
(73, 'e0e81af1-2eee-47b0-b7fc-419113d8943b', 'Johannesburg JNB', 'A909', '09:00', '11:16', '', '', 'E18', 0),
(74, 'e0e81af1-2eee-47b0-b7fc-419113d8943b', 'Windhoek WDH', 'A909', '09:00', '11:40', '', '', 'E33', 0),
(75, 'dc21ba3b-1d62-42e4-991e-c0d8943a47fa', 'Johannesburg JNB', 'A909', '09:00', '15:31', '', '', 'E47', 0),
(76, '6095d312-c322-43db-869f-ef1d0deef96b', 'Bloemfontain BFN', 'A909', '09:00', '13:30', '', '', 'E57', 0),
(77, '3ad41257-9b3a-4a62-87eb-7c1ddd3efab1', 'Johannesburg JNB', 'A909', '09:00', '08:29', '', '', 'E2.', 0),
(82, '3ad41257-9b3a-4a62-87eb-7c1ddd3efab1', 'Cape Town CPT', 'A909', '09:00', '11:50', '', '', 'E42', 0),
(89, 'dc21ba3b-1d62-42e4-991e-c0d8943a47fa', 'George GEO', 'A909', '09:00', '10:03', '', '', 'E54', 0),
(90, 'dc21ba3b-1d62-42e4-991e-c0d8943a47fa', 'George GEO', 'A909', '09:00', '10:52', '', '', 'E57', 0),
(91, '3ad41257-9b3a-4a62-87eb-7c1ddd3efab1', 'Cape Town CPT', 'A909', '09:00', '12:14', '', '', 'E52', 0),
(98, 'dc21ba3b-1d62-42e4-991e-c0d8943a47fa', 'George GEO', 'A909', '09:00', '20:12', '', '', 'E29', 0),
(99, 'dc21ba3b-1d62-42e4-991e-c0d8943a47fa', 'George GEO', 'A909', '09:00', '20:12', '', '', 'E29', 0),
(100, 'dc21ba3b-1d62-42e4-991e-c0d8943a47fa', 'George GEO', 'A909', '09:00', '20:12', '', '', 'E64', 0),
(101, 'dc21ba3b-1d62-42e4-991e-c0d8943a47fa', 'George GEO', 'A909', '09:00', '20:12', '', '', 'E39', 0),
(102, 'dc21ba3b-1d62-42e4-991e-c0d8943a47fa', 'George GEO', 'A909', '09:00', '20:12', '', '', 'E77', 0),
(103, 'dc21ba3b-1d62-42e4-991e-c0d8943a47fa', 'George GEO', 'A909', '09:00', '20:12', '', '', 'E43', 0),
(104, 'dc21ba3b-1d62-42e4-991e-c0d8943a47fa', 'George GEO', 'A909', '09:00', '20:12', '', '', 'E7', 0),
(126, 'dc21ba3b-1d62-42e4-991e-c0d8943a47fa', 'George GEO', 'A909', '09:00', '20:12', '', '', 'E9', 0),
(127, 'dc21ba3b-1d62-42e4-991e-c0d8943a47fa', 'Cape Town CPT', 'A909', '16:00', '22:22', '', '', 'E9', 0),
(128, 'dc21ba3b-1d62-42e4-991e-c0d8943a47fa', 'Cape Town CPT', 'A909', '16:00', '16:00', '', '', 'E60', 0),
(129, 'dc21ba3b-1d62-42e4-991e-c0d8943a47fa', 'Cape Town CPT', 'A909', '16:00', '16:00', '', '', 'E2', 0),
(130, 'dc21ba3b-1d62-42e4-991e-c0d8943a47fa', 'Cape Town CPT', 'A909', '16:00', '16:00', '', '', 'E42', 0),
(131, 'dc21ba3b-1d62-42e4-991e-c0d8943a47fa', 'Cape Town CPT', 'A909', '16:00', '16:00', '', '', 'E30', 0),
(132, 'dc21ba3b-1d62-42e4-991e-c0d8943a47fa', 'Cape Town CPT', 'A909', '16:00', '16:00', '', '', 'E19', 0),
(133, 'dc21ba3b-1d62-42e4-991e-c0d8943a47fa', 'Cape Town CPT', 'A909', '16:00', '16:00', '', '', 'E80', 0),
(134, 'dc21ba3b-1d62-42e4-991e-c0d8943a47fa', 'Cape Town CPT', 'A909', '16:00', '16:00', '', '', 'E31', 0),
(135, 'dc21ba3b-1d62-42e4-991e-c0d8943a47fa', 'Cape Town CPT', 'A909', '16:00', '16:00', '', '', 'E16', 0),
(136, 'dc21ba3b-1d62-42e4-991e-c0d8943a47fa', 'Cape Town CPT', 'A909', '16:00', '16:00', '', '', 'E84', 0),
(137, 'dc21ba3b-1d62-42e4-991e-c0d8943a47fa', 'Cape Town CPT', 'A909', '16:00', '16:00', '', '', 'E68', 0),
(138, 'dc21ba3b-1d62-42e4-991e-c0d8943a47fa', 'Cape Town CPT', 'A909', '16:00', '16:00', '', '', 'E21', 0),
(142, 'dc21ba3b-1d62-42e4-991e-c0d8943a47fa', 'George GEO', 'A909', '16:00', '16:00', '', '', 'E14', 0),
(143, 'f4909d73-8697-45e9-a6e2-18a427f34731', 'Bloemfontain BFN', 'A909', 'null', 'null', '', '', 'E31', 0),
(144, 'f4909d73-8697-45e9-a6e2-18a427f34731', 'Johannesburg JNB', 'A909', '16:00', '16:00', '', '', 'E52', 0),
(145, 'b2888b92-6049-4fd8-ae23-252376afc222', 'Johannesburg JNB', 'A909', '16:00', '16:00', '', '', 'E80', 0),
(151, 'dc21ba3b-1d62-42e4-991e-c0d8943a47fa', 'Johannesburg JNB', 'A909', '12:00', '12:00', '', '', 'E88', 0),
(152, 'dc21ba3b-1d62-42e4-991e-c0d8943a47fa', 'Cape Town CPT', 'A909', '16:00', '16:00', '', '', 'E75', 0),
(153, 'dc21ba3b-1d62-42e4-991e-c0d8943a47fa', 'Cape Town CPT', 'A909', '16:00', '16:00', '', '', 'E19', 0),
(158, 'dc21ba3b-1d62-42e4-991e-c0d8943a47fa', 'Bloemfontein BFN', 'A909', '16:00', '16:00', '', '', 'E59', 0),
(164, 'dc21ba3b-1d62-42e4-991e-c0d8943a47fa', 'Durban DUR', 'A909', '16:00', '16:00', '', '', 'E57', 0),
(165, 'dc21ba3b-1d62-42e4-991e-c0d8943a47fa', 'Durban DUR', 'A909', '16:00', '16:00', '', '', 'E23', 0),
(176, 'dc21ba3b-1d62-42e4-991e-c0d8943a47fa', 'Johannesburg JNB', 'A909', '12:00', '12:00', '', '', 'E80', 0),
(185, 'dc21ba3b-1d62-42e4-991e-c0d8943a47fa', 'Cape Town CPT', 'A909', '12:00', '12:00', '', '', 'E17', 0),
(186, 'dc21ba3b-1d62-42e4-991e-c0d8943a47fa', 'Johannesburg JNB', 'A909', '16:00', '16:00', '', '', 'E55', 0),
(187, 'dc21ba3b-1d62-42e4-991e-c0d8943a47fa', 'Cape Town CPT', 'A909', '12:00', '12:00', '', '', 'F39', 0),
(188, 'dc21ba3b-1d62-42e4-991e-c0d8943a47fa', 'Cape Town CPT', 'A909', '12:00', '12:00', '', '', 'E1', 0),
(189, 'dc21ba3b-1d62-42e4-991e-c0d8943a47fa', 'Johannesburg JNB', 'A909', '12:00', '12:00', '', '', 'E19', 0),
(190, 'dc21ba3b-1d62-42e4-991e-c0d8943a47fa', 'Johannesburg JNB', 'A909', '12:00', '12:00', '', '', 'E50', 0),
(192, 'dc21ba3b-1d62-42e4-991e-c0d8943a47fa', 'Cape Town CPT', 'A909', '12:00', '12:00', '', '', 'E13', 0),
(193, 'dc21ba3b-1d62-42e4-991e-c0d8943a47fa', 'Bloemfontein BFN', 'A909', '12:00', '12:00', '', '', 'E75', 0),
(201, '588cbc12-8c6e-4553-902d-fafb5b89e041', 'Johannesburg JNB', 'A909', '12:00', '12:00', '', '', 'E16', 0),
(206, 'dc21ba3b-1d62-42e4-991e-c0d8943a47fa', 'Johannesburg JNB', 'A909', '16:00', '16:00', '', '', 'E8', 0),
(207, 'dc21ba3b-1d62-42e4-991e-c0d8943a47fa', 'Cape Town CPT', 'A909', '16:00', '16:00', '', '', 'E30', 0),
(211, 'dc21ba3b-1d62-42e4-991e-c0d8943a47fa', 'Johannesburg JNB', 'A909', '16:00', '16:00', '', '', 'E15', 0),
(222, 'dc21ba3b-1d62-42e4-991e-c0d8943a47fa', 'Cape Town CPT', 'A909', '16:00', '16:00', '', '', 'E3', 0),
(223, 'dc21ba3b-1d62-42e4-991e-c0d8943a47fa', 'Cape Town CPT', 'A909', '16:00', '16:00', '', '', 'E10', 0),
(224, 'dc21ba3b-1d62-42e4-991e-c0d8943a47fa', 'George GEO', 'A909', '16:00', '16:00', '', '', 'E83', 0),
(228, 'dc21ba3b-1d62-42e4-991e-c0d8943a47fa', 'Bloemfontein BFN', 'A909', '16:00', '16:00', '', '', 'E21 ,E22 ,E23 ,E24', 0),
(229, 'dc21ba3b-1d62-42e4-991e-c0d8943a47fa', 'Johannesburg JNB', 'A909', '16:00', '16:00', '', '', 'E48 ,E49 ,E50 ,E51', 0),
(230, 'dc21ba3b-1d62-42e4-991e-c0d8943a47fa', 'Johannesburg JNB', 'A909', '16:00', '16:00', '', '', 'E28 ,E29 ,E30 ,E31 ,E32', 0),
(231, 'dc21ba3b-1d62-42e4-991e-c0d8943a47fa', 'Bloemfontein BFN', 'A909', '08:00', '08:00', '', '', 'E76 ,E77 ,E78 ,E79 ,E80', 0),
(232, 'dc21ba3b-1d62-42e4-991e-c0d8943a47fa', 'Johannesburg JNB', 'A909', '12:00', '12:00', '', '', 'E63 ,E64 ,E65 ,E66 ,E67', 0),
(233, 'dc21ba3b-1d62-42e4-991e-c0d8943a47fa', 'Johannesburg JNB', 'A909', '16:00', '16:00', '', '', 'E55', 0),
(234, 'dc21ba3b-1d62-42e4-991e-c0d8943a47fa', 'Cape Town CPT', 'A909', '16:00', '16:00', '', '', 'E73 ,E74 ,E75 ,E76 ,E77 ,E78', 0),
(235, 'dc21ba3b-1d62-42e4-991e-c0d8943a47fa', 'Bloemfontein BFN', 'A909', '08:00', '08:00', '', '', 'E64 ,E65 ,E66 ,E67 ,E68 ,E69 ,E70', 0),
(236, 'dc21ba3b-1d62-42e4-991e-c0d8943a47fa', 'Cape Town CPT', 'A909', '16:00', '16:00', '', '', 'E24 ,E25 ,E26 ,E27 ,E28 ,E29 ,E30', 0),
(237, 'dc21ba3b-1d62-42e4-991e-c0d8943a47fa', 'Cape Town CPT', 'A909', '08:00', '08:00', '', '', 'E42 ,E43 ,E44 ,E45 ,E46 ,E47 ,E48 ,E49', 0),
(238, 'dc21ba3b-1d62-42e4-991e-c0d8943a47fa', 'Cape Town CPT', 'A909', '08:00', '08:00', '', '', 'E65 ,E66 ,E67 ,E68 ,E69 ,E70 ,E71', 0),
(239, 'dc21ba3b-1d62-42e4-991e-c0d8943a47fa', 'Bloemfontein BFN', 'A909', '08:00', '08:00', '', '', 'E57 ,E58 ,E59 ,E60 ,E61 ,E62', 0),
(240, 'dc21ba3b-1d62-42e4-991e-c0d8943a47fa', 'Cape Town CPT', 'A909', '08:00', '08:00', '', '', 'E8. ,E9 ,E10 ,E11 ,E12 ,E13', 0),
(241, 'dc21ba3b-1d62-42e4-991e-c0d8943a47fa', 'Cape Town CPT', 'A909', '08:00', '08:00', '', '', 'E37 ,E38 ,E39 ,E40 ,E41 ,E42', 0),
(242, 'dc21ba3b-1d62-42e4-991e-c0d8943a47fa', 'Bloemfontein BFN', 'A909', '08:00', '08:00', '', '', 'E77 ,E78 ,E79 ,E80 ,E81 ,E82', 0),
(243, 'dc21ba3b-1d62-42e4-991e-c0d8943a47fa', 'Cape Town CPT', 'A909', '08:00', '08:00', '', '', 'E86 ,E87 ,E88 ,E89 ,E90 ,E91 ,E92 ,E93', 0),
(244, 'dc21ba3b-1d62-42e4-991e-c0d8943a47fa', 'Durban DUR', 'A909', '08:00', '08:00', '', '', 'E42 ,E43 ,E44 ,E45', 0),
(245, 'dc21ba3b-1d62-42e4-991e-c0d8943a47fa', 'Bloemfontein BFN', 'A909', '08:00', '08:00', '', '', 'E4. ,E5 ,E6 ,E7 ,E8', 0),
(246, 'dc21ba3b-1d62-42e4-991e-c0d8943a47fa', 'Cape Town CPT', 'A909', '08:00', '08:00', '', '', 'E37 ,E38 ,E39 ,E40 ,E41 ,E42 ,E43 ,E44 ,E45', 0),
(247, '270993a2-2308-48b4-a4b9-90ccd87530fc', 'Johannesburg JNB', 'A909', '08:00', '08:00', '', '', 'E17', 0),
(256, '3ad41257-9b3a-4a62-87eb-7c1ddd3efab1', 'Johannesburg JNB', 'A909', '16:00', '16:00', '', '', 'E81', 0),
(257, 'b2888b92-6049-4fd8-ae23-252376afc222', 'Johannesburg JNB', 'A909', '12:00', '12:00', '', '', 'E68 ,E69 ,E70 ,E71 ,E72 ,E73 ,E74 ,E75', 0),
(258, '270993a2-2308-48b4-a4b9-90ccd87530fc', 'Johannesburg JNB', 'A909', '12:00', '12:00', '', '', 'E29 ,E30', 0),
(259, '3ad41257-9b3a-4a62-87eb-7c1ddd3efab1', 'Cape Town CPT', 'A909', '12:00', '12:00', '', '', 'E61', 0),
(261, 'b2888b92-6049-4fd8-ae23-252376afc222', 'Johannesburg JNB', 'A909', '16:00', '16:00', '', '', 'E10 ,E11 ,E12 ,E13 ,E14 ,E15 ,E16 ,E17 ,E18 ,E19', 0),
(263, 'dc21ba3b-1d62-42e4-991e-c0d8943a47fa', 'Johannesburg JNB', 'A909', '12:00', '12:00', '', '', 'E86 ,E87 ,E88 ,E89 ,E90', 0),
(264, 'dc21ba3b-1d62-42e4-991e-c0d8943a47fa', 'Johannesburg JNB', 'A909', '12:00', '12:00', '', '', 'E71 ,E72 ,E73 ,E74', 0),
(265, 'b2888b92-6049-4fd8-ae23-252376afc222', 'Cape Town CPT', 'A909', '08:00', '08:00', '', '', 'E84', 0),
(266, 'b2888b92-6049-4fd8-ae23-252376afc222', 'Port Elizabeth PLZ', 'A909', '16:00', '16:00', '', '', 'E77', 0),
(267, 'b2888b92-6049-4fd8-ae23-252376afc222', 'East London EAS', 'A909', '12:00', '12:00', '', '', 'E22', 0),
(268, '3ad41257-9b3a-4a62-87eb-7c1ddd3efab1', 'Johannesburg JNB', 'A909', '16:00', '16:00', '', '', 'E31', 0),
(269, 'b2888b92-6049-4fd8-ae23-252376afc222', 'Johannesburg JNB', 'A909', '16:00', '16:00', '', '', 'E34', 0),
(270, 'b2888b92-6049-4fd8-ae23-252376afc222', 'George GEO', 'A909', '12:00', '12:00', '', '', 'E17', 0),
(271, 'b2888b92-6049-4fd8-ae23-252376afc222', 'East London EAS', 'A909', '16:00', '16:00', '', '', 'E18 ,E19', 0),
(272, 'b2888b92-6049-4fd8-ae23-252376afc222', 'East London EAS', 'A909', '12:00', '12:00', '', '', 'E71', 0),
(273, 'b2888b92-6049-4fd8-ae23-252376afc222', 'East London EAS', 'A909', '12:00', '12:00', '', '', 'E78', 0),
(274, 'b2888b92-6049-4fd8-ae23-252376afc222', 'Johannesburg JNB', 'A909', '16:00', '16:00', '', '', 'E69 ,E70 ,E71 ,E72 ,E73 ,E74 ,E75 ,E76 ,E77 ,E78', 0),
(275, 'b2888b92-6049-4fd8-ae23-252376afc222', 'Johannesburg JNB', 'A909', '12:00', '12:00', '', '', 'E43', 0),
(276, '3ad41257-9b3a-4a62-87eb-7c1ddd3efab1', 'Cape Town CPT', 'A909', '16:00', '16:00', '', '', 'E46', 0),
(277, '270993a2-2308-48b4-a4b9-90ccd87530fc', 'Johannesburg JNB', 'A909', '12:00', '12:00', '', '', 'E65 ,E66', 0),
(278, '40610cc8-6e99-4a7d-8a31-a9931dfb56d5', 'Johannesburg JNB', 'A909', '16:00', '16:00', '', '', 'E5. ,E6', 0),
(279, 'b2888b92-6049-4fd8-ae23-252376afc222', 'Johannesburg JNB', 'A909', '16:00', '16:00', '', '', 'E30 ,E31 ,E32 ,E33 ,E34', 0),
(280, 'dc21ba3b-1d62-42e4-991e-c0d8943a47fa', 'Johannesburg JNB', 'A909', '16:00', '16:00', '', '', 'E31 ,E32 ,E33 ,E34 ,E35', 0),
(281, 'dc21ba3b-1d62-42e4-991e-c0d8943a47fa', 'Cape Town CPT', 'A909', '16:00', '16:00', '', '', 'E53 ,E54 ,E55 ,E56', 0),
(282, 'c4fd28aa-81c7-4894-966a-1e1f90f04974', 'OR Tambo', 'A909', '12:00', '12:00', '', '', 'B69 ,B70 ,B71 ,B72 ,B73', 0),
(283, 'c4fd28aa-81c7-4894-966a-1e1f90f04974', 'OR Tambo', 'A909', '16:00', '16:00', '', '', 'B82 ,B83 ,B84 ,B85 ,B86 ,B87', 0),
(284, 'd107f53b-d208-4ff9-aa97-a10a5436fd6d', 'OR Tambo', 'A909', 'undef', 'undef', '', '', 'B19 ,B20 ,B21 ,B22', 0),
(285, 'd107f53b-d208-4ff9-aa97-a10a5436fd6d', 'OR Tambo', 'A909', '16:00', '16:00', '', '', 'E51 ,E52', 0),
(286, 'c4fd28aa-81c7-4894-966a-1e1f90f04974', 'OR Tambo', 'A909', '16:00', '16:00', '', '', 'E21 ,E22 ,E23 ,E24 ,E25 ,E26 ,E27 ,E28 ,E29 ,E30 ,E31 ,E32 ,E33', 0),
(287, 'aab315c4-24b2-4ddd-8beb-8a79f15b0410', 'PE International', 'A909', '18:00', '18:00', '', '', 'E41 ,E42', 0),
(288, 'aab315c4-24b2-4ddd-8beb-8a79f15b0410', 'PE International', 'A909', '18:00', '18:00', '', '', 'E61 ,E62', 0),
(289, 'aab315c4-24b2-4ddd-8beb-8a79f15b0410', 'PE International', 'A909', '08:00', '08:00', '', '', 'E7', 0),
(290, 'aab315c4-24b2-4ddd-8beb-8a79f15b0410', 'OR Tambo', 'A909', '20:00', '20:00', '', '', 'E86 ,E87 ,E88', 0),
(291, 'aab315c4-24b2-4ddd-8beb-8a79f15b0410', 'PE International', 'A909', '20:00', '20:00', '', '', 'E71', 0),
(292, 'aab315c4-24b2-4ddd-8beb-8a79f15b0410', 'Cape Town International', 'A909', '12:00 am', '12:00 am', '', '', 'E64', 0),
(293, 'aab315c4-24b2-4ddd-8beb-8a79f15b0410', 'Cape Town International', 'A909', '12:00 am', '12:00 am', '', '', 'E10', 0),
(294, 'aab315c4-24b2-4ddd-8beb-8a79f15b0410', 'PE International', 'A909', '16:00 pm', '16:00 pm', '', '', 'E84', 0),
(295, 'aab315c4-24b2-4ddd-8beb-8a79f15b0410', 'PE International', 'A909', '16:00 pm', '16:00 pm', '', '', 'E4', 0),
(296, 'aab315c4-24b2-4ddd-8beb-8a79f15b0410', 'PE International', 'A909', '18:00 pm', '18:00 pm', '', '', 'E63', 0),
(297, 'aab315c4-24b2-4ddd-8beb-8a79f15b0410', 'PE International', 'A909', 'One Way Trip', 'One Way Trip', '', '', 'E14', 0),
(298, 'aab315c4-24b2-4ddd-8beb-8a79f15b0410', 'PE International', 'A909', '12:00 am', '12:00 am', '', '', 'E70', 0),
(299, 'aab315c4-24b2-4ddd-8beb-8a79f15b0410', 'PE International', 'A909', '16:00 pm', '16:00 pm', '', '', 'E17', 0),
(300, 'aab315c4-24b2-4ddd-8beb-8a79f15b0410', 'PE International', 'A909', 'undef', 'undef', '', '', 'E40', 0),
(301, 'aab315c4-24b2-4ddd-8beb-8a79f15b0410', 'PE International', 'A909', 'undef', 'undef', '', '', 'E35', 0),
(302, 'aab315c4-24b2-4ddd-8beb-8a79f15b0410', 'PE International', 'A909', '08:00', '08:00', '', '', 'E5', 0),
(303, 'd107f53b-d208-4ff9-aa97-a10a5436fd6d', 'OR Tambo', 'A909', '06:00', '06:00', '', '', 'E51 ,E52 ,E53 ,E54 ,E55 ,E56 ,E57 ,E58 ,E59 ,E60 ,E61', 0),
(304, 'ce6b0ef4-6d25-44eb-814d-fb834f585a89', 'Cape Town International', 'A909', '18:00', '18:00', '', '', 'E85', 0),
(305, 'ce6b0ef4-6d25-44eb-814d-fb834f585a89', 'OR Tambo', 'A909', '08:00', '08:00', '', '', 'B61 ,B62 ,B63 ,B64 ,B65 ,B66 ,B67', 0),
(306, '4256f221-4246-47da-bd12-f8bbcc057ce0', 'PE International', 'A909', '12:00', '12:00', '', '', 'E69', 0),
(307, 'b2888b92-6049-4fd8-ae23-252376afc222', 'OR Tambo', 'A909', '06:00', '06:00', '', '', 'E46', 0),
(308, 'b2888b92-6049-4fd8-ae23-252376afc222', 'King Shaka', 'A909', '16:00', '16:00', '', '', 'B89', 0),
(309, 'aab315c4-24b2-4ddd-8beb-8a79f15b0410', 'PE International', 'A909', '08:00', '08:00', '', '', 'E26 ,E27', 0),
(310, 'aab315c4-24b2-4ddd-8beb-8a79f15b0410', 'Cape Town International', 'A909', '18:00', '18:00', '', '', 'E50 ,E51 ,E52 ,E53 ,E54', 0),
(311, 'aab315c4-24b2-4ddd-8beb-8a79f15b0410', 'Cape Town International', 'A909', '08:00', '08:00', '', '', 'E6', 0),
(312, 'aab315c4-24b2-4ddd-8beb-8a79f15b0410', 'Cape Town International', 'A909', '06:00', '06:00', '', '', 'E70', 0),
(313, 'aab315c4-24b2-4ddd-8beb-8a79f15b0410', 'OR Tambo', 'A909', '08:00', '08:00', '', '', 'E64', 0),
(314, 'aab315c4-24b2-4ddd-8beb-8a79f15b0410', 'Cape Town International', 'A909', '16:00', '16:00', '', '', 'E32', 0),
(315, '4256f221-4246-47da-bd12-f8bbcc057ce0', 'OR Tambo', 'A909', '06:00', '06:00', '', '', 'E10 ,E11 ,E12', 0),
(316, 'aab315c4-24b2-4ddd-8beb-8a79f15b0410', 'Cape Town International', 'A909', '18:00', '18:00', '', '', 'E69', 0),
(317, 'aab315c4-24b2-4ddd-8beb-8a79f15b0410', 'OR Tambo', 'A909', '12:00', '12:00', '', '', 'E56', 0),
(318, 'aab315c4-24b2-4ddd-8beb-8a79f15b0410', 'PE International', 'A909', '18:00', '18:00', '', '', 'E32', 0),
(319, 'aab315c4-24b2-4ddd-8beb-8a79f15b0410', 'Cape Town International', 'A909', '18:00', '18:00', '', '', 'E62', 0),
(320, 'aab315c4-24b2-4ddd-8beb-8a79f15b0410', 'PE International', 'A909', '18:00', '18:00', '', '', 'E61 ,E62 ,E63', 0),
(321, 'aab315c4-24b2-4ddd-8beb-8a79f15b0410', 'PE International', 'A909', '16:00', '16:00', '', '', 'E59 ,E60 ,E61', 0),
(322, 'aab315c4-24b2-4ddd-8beb-8a79f15b0410', 'PE International', 'A909', '16:00', '16:00', '', '', 'E3', 0),
(323, 'aab315c4-24b2-4ddd-8beb-8a79f15b0410', 'Cape Town International', 'A909', '18:00 pm', '18:00 pm', '', '', 'E81', 0),
(324, 'aab315c4-24b2-4ddd-8beb-8a79f15b0410', 'PE International', 'A909', '18:00 pm', '18:00 pm', '', '', 'E58', 0),
(325, 'aab315c4-24b2-4ddd-8beb-8a79f15b0410', 'PE International', 'A909', '16:00 pm', '16:00 pm', '', '', 'E14 ,E15', 0),
(326, 'aab315c4-24b2-4ddd-8beb-8a79f15b0410', 'Cape Town International', 'A909', '18:00 pm', '18:00 pm', '', '', 'E52', 0),
(327, 'aab315c4-24b2-4ddd-8beb-8a79f15b0410', 'PE International', 'A909', '18:00 pm', '18:00 pm', '', '', 'E2. ,E3 ,E4 ,E5', 0),
(328, 'aab315c4-24b2-4ddd-8beb-8a79f15b0410', 'PE International', 'A909', '18:00 pm', '18:00 pm', '', '', 'E30', 0),
(329, 'aab315c4-24b2-4ddd-8beb-8a79f15b0410', 'PE International', 'A909', '18:00 pm', '18:00 pm', '', '', 'E11 ,E12', 0),
(330, 'aab315c4-24b2-4ddd-8beb-8a79f15b0410', 'Cape Town International', 'A909', '18:00 pm', '18:00 pm', '', '', 'E68', 0),
(331, 'aab315c4-24b2-4ddd-8beb-8a79f15b0410', 'PE International', 'A909', '18:00 pm', '18:00 pm', '', '', 'E39', 0),
(332, 'aab315c4-24b2-4ddd-8beb-8a79f15b0410', 'Cape Town International', 'A909', '18:00 pm', '18:00 pm', '', '', 'E62 ,E63 ,E64 ,E65 ,E66', 0),
(333, 'aab315c4-24b2-4ddd-8beb-8a79f15b0410', 'Cape Town International', 'A909', '18:00 pm', '18:00 pm', '', '', 'E42 ,E43 ,E44 ,E45 ,E46', 0),
(334, 'aab315c4-24b2-4ddd-8beb-8a79f15b0410', 'Cape Town International', 'A909', '18:00 pm', '18:00 pm', '', '', 'E68 ,E69 ,E70 ,E71 ,E72', 0),
(335, 'aab315c4-24b2-4ddd-8beb-8a79f15b0410', 'Cape Town International', 'A909', '18:00 pm', '18:00 pm', '', '', 'E37 ,E38 ,E39 ,E40 ,E41', 0),
(336, 'aab315c4-24b2-4ddd-8beb-8a79f15b0410', 'King Shaka', 'A909', '16:00 pm', '16:00 pm', '', '', 'E60', 0),
(337, 'aab315c4-24b2-4ddd-8beb-8a79f15b0410', 'Cape Town International', 'A909', '18:00 pm', '18:00 pm', '', '', 'E78', 0),
(338, 'aab315c4-24b2-4ddd-8beb-8a79f15b0410', 'PE International', 'A909', '18:00 pm', '18:00 pm', '', '', 'E20', 0),
(339, 'aab315c4-24b2-4ddd-8beb-8a79f15b0410', 'PE International', 'A909', '18:00 pm', '18:00 pm', '', '', 'E68', 0),
(340, 'aab315c4-24b2-4ddd-8beb-8a79f15b0410', 'PE International', 'A909', '18:00 pm', '18:00 pm', '', '', 'E7. ,E8 ,E9 ,E10', 0),
(341, 'aab315c4-24b2-4ddd-8beb-8a79f15b0410', 'PE International', 'A909', '18:00 pm', '18:00 pm', '', '', 'E66', 0),
(342, 'aab315c4-24b2-4ddd-8beb-8a79f15b0410', 'Cape Town International', 'A909', '18:00 pm', '18:00 pm', '', '', 'E43', 0),
(343, 'aab315c4-24b2-4ddd-8beb-8a79f15b0410', 'Cape Town International', 'A909', '16:00', '16:00', '', '', 'E59', 0),
(344, 'aab315c4-24b2-4ddd-8beb-8a79f15b0410', 'PE International', 'A909', '18:00 pm', '18:00 pm', '', '', 'E15', 0),
(345, 'aab315c4-24b2-4ddd-8beb-8a79f15b0410', 'PE International', 'A909', '18:00 pm', '18:00 pm', '', '', 'E4', 0),
(346, 'aab315c4-24b2-4ddd-8beb-8a79f15b0410', 'Cape Town International', 'A909', '18:00 pm', '18:00 pm', '', '', 'E2', 0),
(347, 'aab315c4-24b2-4ddd-8beb-8a79f15b0410', 'PE International', 'A909', '18:00 pm', '18:00 pm', '', '', 'E34', 0),
(348, 'aab315c4-24b2-4ddd-8beb-8a79f15b0410', 'PE International', 'A909', '18:00 pm', '18:00 pm', '', '', 'E85', 0),
(349, 'aab315c4-24b2-4ddd-8beb-8a79f15b0410', 'PE International', 'A909', '18:00 pm', '18:00 pm', '', '', 'E63', 0),
(350, 'aab315c4-24b2-4ddd-8beb-8a79f15b0410', 'PE International', 'A909', '18:00 pm', '18:00 pm', '', '', 'E76', 0),
(351, 'aab315c4-24b2-4ddd-8beb-8a79f15b0410', 'PE International', 'A909', '16:00 pm', '16:00 pm', '', '', 'E54', 0),
(352, 'aab315c4-24b2-4ddd-8beb-8a79f15b0410', 'Cape Town International', 'A909', '18:00 pm', '18:00 pm', '', '', 'E23', 0),
(353, 'aab315c4-24b2-4ddd-8beb-8a79f15b0410', 'PE International', 'A909', '18:00 pm', '18:00 pm', '', '', 'E20', 0),
(354, 'aab315c4-24b2-4ddd-8beb-8a79f15b0410', 'Cape Town International', 'A909', '18:00 pm', '18:00 pm', '', '', 'E35', 0),
(355, 'aab315c4-24b2-4ddd-8beb-8a79f15b0410', 'PE International', 'A909', '18:00 pm', '18:00 pm', '', '', 'E11 ,E12 ,E13', 0),
(356, 'aab315c4-24b2-4ddd-8beb-8a79f15b0410', 'PE International', 'A909', '18:00 pm', '18:00 pm', '', '', 'E26', 0),
(357, 'aab315c4-24b2-4ddd-8beb-8a79f15b0410', 'PE International', 'A909', '16:00', '16:00', '', '', 'E51 ,E52 ,E53', 0),
(358, 'aab315c4-24b2-4ddd-8beb-8a79f15b0410', 'PE International', 'A909', '18:00 pm', '18:00 pm', '', '', 'E35 ,E36 ,E37', 0),
(359, 'aab315c4-24b2-4ddd-8beb-8a79f15b0410', 'PE International', 'A909', '18:00 pm', '18:00 pm', '', '', 'E65 ,E66 ,E67', 0),
(360, 'aab315c4-24b2-4ddd-8beb-8a79f15b0410', 'Cape Town International', 'A909', '18:00 pm', '18:00 pm', '', '', 'E27 ,E28 ,E29 ,E30', 0),
(361, 'd107f53b-d208-4ff9-aa97-a10a5436fd6d', 'OR Tambo', 'A909', '18:00 pm', '18:00 pm', '', '', 'E82 ,E83 ,E84', 0),
(362, 'd107f53b-d208-4ff9-aa97-a10a5436fd6d', 'OR Tambo', 'A909', '20:00 pm', '20:00 pm', '', '', 'E77 ,E78 ,E79', 0),
(363, 'd107f53b-d208-4ff9-aa97-a10a5436fd6d', 'OR Tambo', 'A909', '08:00 am', '08:00 am', '', '', 'E9. ,E10 ,E11', 0),
(364, 'd107f53b-d208-4ff9-aa97-a10a5436fd6d', 'OR Tambo', 'A909', '18:00 pm', '18:00 pm', '', '', 'E84 ,E85', 0),
(365, 'a5151334-968b-45d7-9396-08f905c58ace', 'OR Tambo', 'A909', '12:00 am', '12:00 am', '', '', 'F73 ,F74', 0),
(366, 'a5151334-968b-45d7-9396-08f905c58ace', 'OR Tambo', 'A909', '18:00 pm', '18:00 pm', '', '', 'F69', 0),
(367, '64a5bdc9-e915-4fda-8b51-23b30fcea8fe', 'OR Tambo', 'A909', '16:00 pm', '16:00 pm', '', '', 'F68', 0),
(368, '64a5bdc9-e915-4fda-8b51-23b30fcea8fe', 'OR Tambo', 'A909', '16:00 pm', '16:00 pm', '', '', 'F52', 0),
(369, '64a5bdc9-e915-4fda-8b51-23b30fcea8fe', 'Cape Town International', 'A909', '16:00 pm', '16:00 pm', '', '', 'E75', 0),
(370, 'aab315c4-24b2-4ddd-8beb-8a79f15b0410', 'PE International', 'A909', '18:00 pm', '18:00 pm', '', '', 'E56 ,E57 ,E58 ,E59 ,E60 ,E61', 0),
(371, 'aab315c4-24b2-4ddd-8beb-8a79f15b0410', 'OR Tambo', 'A909', '16:00 pm', '16:00 pm', '', '', 'E14', 0),
(372, 'aab315c4-24b2-4ddd-8beb-8a79f15b0410', 'OR Tambo', 'A909', '20:00 pm', '20:00 pm', '', '', 'E27', 0),
(373, 'aab315c4-24b2-4ddd-8beb-8a79f15b0410', 'OR Tambo', 'A909', '20:00 pm', '20:00 pm', '', '', 'E25', 0),
(374, 'aab315c4-24b2-4ddd-8beb-8a79f15b0410', 'OR Tambo', 'A899', '16:00 pm', '16:00 pm', '', '', 'E73', 0),
(375, 'aab315c4-24b2-4ddd-8beb-8a79f15b0410', 'OR Tambo', 'A899', '16:00 pm', '16:00 pm', '', '', 'E30', 0),
(376, 'aab315c4-24b2-4ddd-8beb-8a79f15b0410', 'OR Tambo', 'A903', '20:00 pm', '20:00 pm', '', '', 'E42', 0),
(377, 'aab315c4-24b2-4ddd-8beb-8a79f15b0410', 'OR Tambo', 'A909', '06:00 am', '06:00 am', '', '', 'E14', 0),
(378, 'd107f53b-d208-4ff9-aa97-a10a5436fd6d', 'OR Tambo', 'A909', '06:00 am', '06:00 am', '', '', 'E56', 0),
(379, 'd107f53b-d208-4ff9-aa97-a10a5436fd6d', 'OR Tambo', 'A904', '20:00 pm', '20:00 pm', '', '', 'E35', 0),
(380, 'aab315c4-24b2-4ddd-8beb-8a79f15b0410', 'OR Tambo', 'A409', '14:00 pm', '14:00 pm', '', '', 'E54', 0),
(381, 'fe02d666-df8d-4682-b8ab-d85a394f5bdc', 'OR Tambo', 'A409', '22:00 pm', '22:00 pm', '', '', 'E35', 0),
(382, '64a5bdc9-e915-4fda-8b51-23b30fcea8fe', 'OR Tambo', 'A409', '22:00 pm', '22:00 pm', '', '', 'F81', 0),
(383, 'a5151334-968b-45d7-9396-08f905c58ace', 'OR Tambo', 'A906', '16:00 pm', '16:00 pm', '', '', 'E70', 0),
(384, 'aab315c4-24b2-4ddd-8beb-8a79f15b0410', 'PE International', 'A403', '13:00 pm', '14:00 pm', '', '', 'E29', 0),
(385, 'aab315c4-24b2-4ddd-8beb-8a79f15b0410', 'PE International', 'A403', '13:00 pm', '14:00 pm', '', '', 'E31', 0),
(386, 'aab315c4-24b2-4ddd-8beb-8a79f15b0410', 'PE International', 'A403', '13:00 pm', '14:00 pm', '', '', 'E5', 0),
(387, 'aab315c4-24b2-4ddd-8beb-8a79f15b0410', 'PE International', 'A403', '13:00 pm', '14:00 pm', '', '', 'E45', 0),
(388, 'aab315c4-24b2-4ddd-8beb-8a79f15b0410', 'King Shaka', 'A553', '19:00 pm', '20:00 pm', '', '', 'E58', 0),
(389, 'aab315c4-24b2-4ddd-8beb-8a79f15b0410', 'King Shaka', 'A553', '19:00 pm', '20:00 pm', '', '', 'E49', 0),
(390, 'aab315c4-24b2-4ddd-8beb-8a79f15b0410', 'PE International', 'A403', '13:00 pm', '14:00 pm', '', '', 'E15', 0),
(391, 'd107f53b-d208-4ff9-aa97-a10a5436fd6d', 'OR Tambo', 'A148', '5:00 am', '06:00 am', '', '', 'E15', 0),
(402, 'aab315c4-24b2-4ddd-8beb-8a79f15b0410', 'PE International', 'A403', '15:00 pm', '16:00 pm', '', '', 'E34', 0),
(403, 'aab315c4-24b2-4ddd-8beb-8a79f15b0410', 'PE International', 'A403', '15:00 pm', '16:00 pm', '', '', 'E49', 0),
(404, 'aab315c4-24b2-4ddd-8beb-8a79f15b0410', 'PE International', 'A403', '15:00 pm', '16:00 pm', '19:40 pm', '20:40 pm', 'E8', 0),
(405, 'aab315c4-24b2-4ddd-8beb-8a79f15b0410', 'King Shaka', 'A553', '19:00 pm', '20:00 pm', 'One Way', 'One Way', 'E12', 0),
(406, 'd107f53b-d208-4ff9-aa97-a10a5436fd6d', 'OR Tambo', 'A404', '21:00 pm', '22:00 pm', '13:40 pm', '14:40 pm', 'E69', 0),
(407, 'd107f53b-d208-4ff9-aa97-a10a5436fd6d', 'OR Tambo', 'A201', '13:00 pm', '14:00 pm', '21:00 pm', '22:00 pm', 'E83', 0),
(408, 'd107f53b-d208-4ff9-aa97-a10a5436fd6d', 'PE International', 'A101', '15:00 pm', '16:00 pm', 'One Way', 'One Way', 'E71', 0),
(411, 'ce6b0ef4-6d25-44eb-814d-fb834f585a89', 'OR Tambo', 'A123', '19:00 pm', '20:00 pm', 'One Way', 'One Way', 'E21 ,E22 ,E23 ,E24 ,E25 ,E26 ,E27 ,E28 ,E29 ,E30', 0),
(412, '4256f221-4246-47da-bd12-f8bbcc057ce0', 'OR Tambo', 'A122', '15:00 pm', '16:00 pm', 'One Way', 'One Way', 'E24', 0),
(413, 'dc21ba3b-1d62-42e4-991e-c0d8943a47fa', 'OR Tambo', 'A909', '5:00 am', '06:00 am', 'One Way', 'One Way', 'E76', 0),
(414, 'b8a0331e-8f74-434c-8c19-cb77c98f607d', 'OR Tambo', 'A102', '19:00 pm', '20:00 pm', 'One Way', 'One Way', 'E49', 0),
(415, 'b514da36-fd67-4813-825f-4158cd512dea', 'OR Tambo', 'A160', '5:00 am', '06:00 am', 'One Way', 'One Way', 'E41 ,E42 ,E43 ,E44 ,E45 ,E46', 0),
(416, 'b514da36-fd67-4813-825f-4158cd512dea', 'King Shaka', 'A103', '19:00 pm', '20:00 pm', 'One Way', 'One Way', 'E63', 0),
(417, '4256f221-4246-47da-bd12-f8bbcc057ce0', 'OR Tambo', 'A100', '17:00 pm', '18:00 pm', 'One Way', 'One Way', 'E80', 0),
(418, '6cbc6937-82f0-4118-a3ce-2608145743e5', 'PE International', 'A105', '15:00 pm', '16:00 pm', 'One Way', 'One Way', 'B29', 0),
(419, '39dc6b46-2aab-4c83-9d37-abc608158173', 'OR Tambo', 'A501', '13:00 pm', '14:00 pm', '13:00 pm', '14:00 pm', 'E38', 0);

-- --------------------------------------------------------

--
-- Table structure for table `user`
--

CREATE TABLE `user` (
  `id` int NOT NULL,
  `uuid` text NOT NULL,
  `created_at` date NOT NULL,
  `updated_at` date NOT NULL,
  `name` text CHARACTER SET utf8 COLLATE utf8_general_ci NOT NULL,
  `surname` text NOT NULL,
  `email` text NOT NULL,
  `cell` text,
  `gender` text CHARACTER SET utf8 COLLATE utf8_general_ci,
  `province` text CHARACTER SET utf8 COLLATE utf8_general_ci,
  `salt` text NOT NULL,
  `encrypted_password` text NOT NULL,
  `role` varchar(50) CHARACTER SET utf8 COLLATE utf8_general_ci NOT NULL DEFAULT 'normal',
  `date_of_birth` text,
  `one_time_pin` text NOT NULL,
  `isVerified` tinyint(1) NOT NULL DEFAULT '0'
) ENGINE=InnoDB DEFAULT CHARSET=utf8;

--
-- Dumping data for table `user`
--

INSERT INTO `user` (`id`, `uuid`, `created_at`, `updated_at`, `name`, `surname`, `email`, `cell`, `gender`, `province`, `salt`, `encrypted_password`, `role`, `date_of_birth`, `one_time_pin`, `isVerified`) VALUES
(21, '588cbc12-8c6e-4553-902d-fafb5b89e041', '2020-11-01', '2020-11-01', 'Mphai', 'Bodese', 'lazi.mphai@gmail.com', NULL, NULL, NULL, '15c40f25b5d5d047', '7c0c0e7b9037b3882db04db436d87203d15d20a4be2b865a0e79475eb8c221a33592d01d8c7a7f4268bfc117c219033c6cf02513fcfd394a5575e68cc82ba40e', 'normal', NULL, 'DFFCBD', 1),
(22, 'dc21ba3b-1d62-42e4-991e-c0d8943a47fa', '2020-11-01', '2020-12-04', 'admin', 'admin', 'admin@admin.com', '0841231234', 'male', 'Limpopo', 'ab08ec54e1126edc', '76ee40cde22cc630c46331f5ac48d0112564003d1f4174204365274e3f7b1b7415bcc0121d0ef0fdd07d698a18c154f1f1d774ee0b86c4655eb41e036ca92d8a', 'admin', '1920-11-09', '9CFC2B', 1),
(25, '9f1a5237-3102-4846-89bc-53d7407f89da', '2020-11-04', '2020-11-04', 'doe', 'jane', 'jane@doe.com', NULL, NULL, NULL, 'f8a0e358f790f2fd', '3a586def4b49563176a98eae6a727d1718efea6f21cd7dee055f54597d05bfa1d5c2c59af767fa9f44163f098c4041f6de252ef367769ce91487e7eaec7d8218', 'normal', NULL, 'BECBED', 0),
(27, '791dc386-10a2-4a54-924d-ac13692bdc66', '2020-11-10', '2020-11-10', 'ndala ', 'zama', 'zamandala@gmail.com', NULL, NULL, NULL, 'ba3fb658eae053ac', '8fe105087b79d47ccbd1e7633be8ef7347883260468812761c5f337aa3524f749a840db722bd53ae541d0ed48e0c6d752aae09c71570ae81fc0826f9bab0ca0f', 'normal', NULL, '92001B', 0),
(40, 'ce6b0ef4-6d25-44eb-814d-fb834f585a89', '2020-11-29', '2020-11-29', 'mokoka', 'joseph', 'josephmokoka4@gmail.com', '0729464166', 'male', 'Gauteng', '34c0cd39e75c882c', '94e39a36232269dfd82812e4a7553eda565d98508a777ce2f610b609d158cf66c308b8a552065c691ca49de3bde528aeb0c15c894a226366b773e9b52148286f', 'admin', NULL, 'AA5238', 1),
(44, '4256f221-4246-47da-bd12-f8bbcc057ce0', '2020-11-30', '2020-11-30', 'Seema', 'Neo', 'selowaneo@gmail.com', NULL, NULL, NULL, '517f8eacebf86ada', '9446d8329d0a12b462fc80c141645d6becd07f1e33b5587c9dc04dcbcd9a86cc2261398628b3b4fe5ceb7201ac119cc70b351ec925ff4fc2b5b8f89716c30f74', 'normal', NULL, '1B840C', 1),
(46, '58c50a66-74da-4d81-83e5-16d12fd011ad', '2020-11-30', '2020-11-30', 'Segogela', 'Lehlohonolo', 'lehlohonoloprudance071@gmail.com', NULL, NULL, NULL, 'c4a3a35efef4c5dd', 'db4a26c7ffd85e095036dc7ae204e7671c1d64659f89541c294a81543392e0a9dca168b0fe0463bb9b15c0251d052a99eb6466ed81985deadc3a0608fc2c6733', 'normal', NULL, 'FA2D48', 0),
(47, 'ae365dff-6869-4b7e-8ddf-d3ea75aaac1d', '2020-12-17', '2020-12-17', 'p', 'p', 'paulphoku@gmail.com', NULL, NULL, NULL, '415e8290b3730295', '7d1fc3aeef42a3b77e8c71197895918fe16111c30f8d7ce728f1b3ffcd08b9a4714af2caef54bf3c8e86aa519d43df7e2a92fa8733d287bb103a5adfa6405f87', 'normal', NULL, '55A0C0', 0),
(49, 'c4fd28aa-81c7-4894-966a-1e1f90f04974', '2021-02-09', '2021-02-09', 'Lebelwane ', 'Lucas', 'Lucaslebelwane@gmail.com', NULL, NULL, NULL, 'daa79489738b75a1', '50a46e0569460a2e9fdab0dced7a3c8164b59db1477d2dfcd811db958329eabdaba5f2fb4f1c8a525d47b806bfd5fd4aa66545dd3b69b6b3696e9a246dbc3331', 'normal', NULL, 'B107B9', 1),
(50, 'fc85ab37-c8c0-40e5-9968-7d62d7f758bf', '2021-02-09', '2021-02-09', 'Doe', 'John', 'chiloane55@gmail.com', NULL, NULL, NULL, 'c5b26d5551837e32', '3f41e920003f41341b122c00ad28d673b786d8e380b7daee8d1fd236dcd7b6df5859b272ca030e13628b69d85758791586fb75f9d68bb74a77fe78c4ef3dda27', 'normal', NULL, 'B56D9B', 0),
(52, '608f1a36-4205-4e47-833c-e727965973df', '2021-02-14', '2021-02-14', 'Doe', 'Joe', 'paperwrksinc@gmail.com', NULL, NULL, NULL, '40200a53d5ed123a', 'af816d4ce5e21d1a9a13d34978e27b75a9d8998fc0ef5491e8b6f82099ed664505e8ea57934f31ee341616b1f39e33419f175b924baaf6cb1bef9c2afd53698f', 'normal', NULL, '27B540', 0),
(53, 'd107f53b-d208-4ff9-aa97-a10a5436fd6d', '2021-02-16', '2021-02-16', 'nkosi', 'apfiwaho', 'apfiwaho@gmail.com', NULL, NULL, NULL, 'f9f763475a708bbf', 'aaf9ff101f4f0e19f511ca9237991e0a3df9d779b1da921f9d3f8a949be3b15f693b9626f874622f80142d0ff8193c98b85ef10dc7c46e0d99024fc4658cd798', 'normal', NULL, '1A01DF', 1),
(54, '8524ea5f-17c6-47f4-9145-9f66a30e21a0', '2021-02-17', '2021-02-17', 'kk', 'Gops', 'g@G.com', NULL, NULL, NULL, '759d9478e6f76a4b', 'fa962cf8ce2edf9e005fc2659a71c7f199c245ccd2f8666b39d75409a7d53e03043ffefcf7d044f0e501ac88b54507fbbfd5ea10257e43758c76fa092639cd50', 'normal', NULL, 'E781E0', 0),
(55, 'aab315c4-24b2-4ddd-8beb-8a79f15b0410', '2021-02-17', '2021-02-26', 'lebogang', 'Gops', 'leboganglebese94@gmail.com', '0739840973', 'male', 'KwaZulu-Natal', '94f24cab0f72b275', '7675d4e8cbc2dcadd8ddeb16c31506a5314a4b0299bec3194d9261a047e67e475d5616a4af68ae9dcff52c71f2ca159e7265aa16dfc292b49cd326cb29c27f3b', 'normal', NULL, '681405', 1),
(56, 'e358967a-5ff6-4585-93ae-4ea115ad3971', '2021-02-17', '2021-02-17', 'Nchere', 'Thapelo', 'ncherewt@hotmail.com', NULL, NULL, NULL, '3ad245ca7874a471', '33924c2e49b60035f4665dbcd06ef25cf44bf5a5af365efaaed3f0e8b6f91316662f05ec32c1fb631d4b396956cfdf164b8d329ad0610c9be7f850b45f9ad973', 'normal', NULL, '8C7618', 0),
(58, 'e1fc8a76-afe1-40f2-a008-98a713284a3f', '2021-02-21', '2021-02-21', 'Dlamini', 'Lovey', 'apfiwaho@hotmail.com', NULL, NULL, NULL, '8a05fdf1beaac317', 'ab9ee91636530b17b36d948a032e6e27dac4b724c968511de478d9ab41b71c6a7a81902b4bdd26a8cd8692bc72efe3b65dbd8727be9c8b733995fc9296c845fe', 'normal', NULL, '27BD67', 1),
(60, '32935377-0f53-4cc1-9a74-6b5a86516791', '2021-02-26', '2021-02-26', 'ffsfs', 'dff', 'fsfs@ff.com', '0672960967', NULL, NULL, '0981c2d369500d5c', 'a5976a239455af6633d23b6ab65dcc0f91d348859a265197d8549e7712ec4aa992988b19d5cdefdf26ec57d77964e5d60385dfc7bcdaa2ec451f18a899ea005e', 'normal', NULL, '648151', 0),
(61, '908491bf-d9ab-4b02-a175-1aae4e197f40', '2021-02-27', '2021-02-27', 'ffgghhh', 'hhgggjj', 'ggg@hhh.com', '0786543568', NULL, NULL, '81a37dc818f0ed9c', '315b31462b565b34072f47de72fd01ecad0457262530a47d24ee47776e50eced603471724b90f5f84aac8a42358c33314f4f4824b8ac483c49f56a7534a23086', 'normal', '1992-02-27', '9AF8C1', 0),
(65, '3782f52e-561b-43f8-81b0-d35fdf591fb1', '2021-03-16', '2021-03-16', 'Dlamini ', 'Bongiwe', 'Sanelelihlelukhele@gmail.com', '0796325840', NULL, NULL, 'd33eef136a37c370', 'd4ed5bb776a715e3aee7b7c493c82ceec814f230e403b24a505897450586ca9b4e47f8e95e7e31400750eff94538826cf60ac65cb4811fccb2b8227aea87e803', 'normal', '2001-03-16', '1AF618', 0),
(67, '80ba8dda-a0b9-40e1-8a0e-76b5ae70f5f7', '2021-03-16', '2021-03-16', 'dlamini', 'koluo', 'phililenkuna4@gmail.com', '0798813552', NULL, NULL, '358e1bd8fd795b37', '2610bd026bebc2616d21db5231645b038dcfed2c28551a047de18e6498349c6ed723437cf96ef612164d42dd534b3493a7adc437bfcc413afe14fb2bbba2b331', 'normal', '2002-03-16', '5F19A1', 1),
(68, 'b8a0331e-8f74-434c-8c19-cb77c98f607d', '2021-03-17', '2021-03-17', 'dlamini', 'loveness', 'loveybongiwe52@gmail.com', '0798845662', NULL, NULL, 'e4df99bead95fc06', 'e1c42bf57233bafdf9f987e96b9cf81a7e62c4e462c6c3ab18bbb8ac71752fb898a29cca266271b9ff7d1a687c0a59b9f646eef770af9772ed2f9fa525a45ffd', 'normal', '2002-03-19', '502F41', 1),
(69, 'b514da36-fd67-4813-825f-4158cd512dea', '2021-03-18', '2021-03-18', 'mbatha', 'thembi', 'misokuhle.mbatha04@gmail.com', '0626901337', NULL, NULL, '0fd774a365906165', '5a1ed38bacf2fcbd81f2ff13efe05757d218f1e893fa94d735d1f5db0afa92aa8b10dc973c9671a31c37ceff740b6970deccca3cef61e93ab55a05e1f0894503', 'normal', '1989-03-18', '0F54F1', 1),
(70, '6cbc6937-82f0-4118-a3ce-2608145743e5', '2021-03-18', '2021-03-18', 'Chauke', 'Mpho', 'mpholouischauke.ml@gmail.com', '0658979310', 'male', 'Free State', '508ec3b774b19903', '2030d6f483254aa89e41cd1c2693a13ed7afc0a71a3b6b2ac5dc401f7eba6b28be1e041be54167235e9a399a3521a3181bce1f71569ae365ba0811e24dd37fbf', 'normal', '1993-03-18', '0DF49E', 1);

--
-- Indexes for dumped tables
--

--
-- Indexes for table `booking`
--
ALTER TABLE `booking`
  ADD PRIMARY KEY (`booking_id`);

--
-- Indexes for table `meal`
--
ALTER TABLE `meal`
  ADD PRIMARY KEY (`meal_id`);

--
-- Indexes for table `payment`
--
ALTER TABLE `payment`
  ADD PRIMARY KEY (`payment_id`);

--
-- Indexes for table `ticket`
--
ALTER TABLE `ticket`
  ADD PRIMARY KEY (`ticket_id`);

--
-- Indexes for table `user`
--
ALTER TABLE `user`
  ADD PRIMARY KEY (`id`);

--
-- AUTO_INCREMENT for dumped tables
--

--
-- AUTO_INCREMENT for table `booking`
--
ALTER TABLE `booking`
  MODIFY `booking_id` int NOT NULL AUTO_INCREMENT, AUTO_INCREMENT=420;

--
-- AUTO_INCREMENT for table `meal`
--
ALTER TABLE `meal`
  MODIFY `meal_id` int NOT NULL AUTO_INCREMENT, AUTO_INCREMENT=363;

--
-- AUTO_INCREMENT for table `payment`
--
ALTER TABLE `payment`
  MODIFY `payment_id` int NOT NULL AUTO_INCREMENT, AUTO_INCREMENT=243;

--
-- AUTO_INCREMENT for table `user`
--
ALTER TABLE `user`
  MODIFY `id` int NOT NULL AUTO_INCREMENT, AUTO_INCREMENT=72;
COMMIT;

/*!40101 SET CHARACTER_SET_CLIENT=@OLD_CHARACTER_SET_CLIENT */;
/*!40101 SET CHARACTER_SET_RESULTS=@OLD_CHARACTER_SET_RESULTS */;
/*!40101 SET COLLATION_CONNECTION=@OLD_COLLATION_CONNECTION */;
